mascot,seed,data_mascot,data_article,data_date,data_views
Hoosier,1,Hoosier,Indiana_Hoosiers,2025-08-01,156
Hoosier,1,Hoosier,Indiana_Hoosiers,2025-08-02,100
Hoosier,1,Hoosier,Indiana_Hoosiers,2025-08-03,107
Hoosier,1,Hoosier,Indiana_Hoosiers,2025-08-04,112
Hoosier,1,Hoosier,Indiana_Hoosiers,2025-08-05,129
Hoosier,1,Hoosier,Indiana_Hoosiers,2025-08-06,148
Hoosier,1,Hoosier,Indiana_Hoosiers,2025-08-07,158
Hoosier,1,Hoosier,Indiana_Hoosiers,2025-08-08,171
Hoosier,1,Hoosier,Indiana_Hoosiers,2025-08-09,154
Hoosier,1,Hoosier,Indiana_Hoosiers,2025-08-10,132
Hoosier,1,Hoosier,Indiana_Hoosiers,2025-08-11,153
Hoosier,1,Hoosier,Indiana_Hoosiers,2025-08-12,201
Hoosier,1,Hoosier,Indiana_Hoosiers,2025-08-13,160
Hoosier,1,Hoosier,Indiana_Hoosiers,2025-08-14,155
Hoosier,1,Hoosier,Indiana_Hoosiers,2025-08-15,116
Hoosier,1,Hoosier,Indiana_Hoosiers,2025-08-16,117
Hoosier,1,Hoosier,Indiana_Hoosiers,2025-08-17,153
Hoosier,1,Hoosier,Indiana_Hoosiers,2025-08-18,149
Hoosier,1,Hoosier,Indiana_Hoosiers,2025-08-19,197
Hoosier,1,Hoosier,Indiana_Hoosiers,2025-08-20,180
Hoosier,1,Hoosier,Indiana_Hoosiers,2025-08-21,174
Hoosier,1,Hoosier,Indiana_Hoosiers,2025-08-22,140
Hoosier,1,Hoosier,Indiana_Hoosiers,2025-08-23,158
Hoosier,1,Hoosier,Indiana_Hoosiers,2025-08-24,154
Hoosier,1,Hoosier,Indiana_Hoosiers,2025-08-25,169
Hoosier,1,Hoosier,Indiana_Hoosiers,2025-08-26,184
Hoosier,1,Hoosier,Indiana_Hoosiers,2025-08-27,197
Hoosier,1,Hoosier,Indiana_Hoosiers,2025-08-28,196
Hoosier,1,Hoosier,Indiana_Hoosiers,2025-08-29,173
Hoosier,1,Hoosier,Indiana_Hoosiers,2025-08-30,384
Hoosier,1,Hoosier,Indiana_Hoosiers,2025-08-31,363
Hoosier,1,Hoosier,Indiana_Hoosiers,2025-09-01,251
Hoosier,1,Hoosier,Indiana_Hoosiers,2025-09-02,196
Hoosier,1,Hoosier,Indiana_Hoosiers,2025-09-03,221
Hoosier,1,Hoosier,Indiana_Hoosiers,2025-09-04,198
Hoosier,1,Hoosier,Indiana_Hoosiers,2025-09-05,288
Hoosier,1,Hoosier,Indiana_Hoosiers,2025-09-06,348
Hoosier,1,Hoosier,Indiana_Hoosiers,2025-09-07,253
Hoosier,1,Hoosier,Indiana_Hoosiers,2025-09-08,249
Hoosier,1,Hoosier,Indiana_Hoosiers,2025-09-09,205
Hoosier,1,Hoosier,Indiana_Hoosiers,2025-09-10,183
Hoosier,1,Hoosier,Indiana_Hoosiers,2025-09-11,215
Hoosier,1,Hoosier,Indiana_Hoosiers,2025-09-12,293
Hoosier,1,Hoosier,Indiana_Hoosiers,2025-09-13,348
Hoosier,1,Hoosier,Indiana_Hoosiers,2025-09-14,272
Hoosier,1,Hoosier,Indiana_Hoosiers,2025-09-15,244
Hoosier,1,Hoosier,Indiana_Hoosiers,2025-09-16,231
Hoosier,1,Hoosier,Indiana_Hoosiers,2025-09-17,218
Hoosier,1,Hoosier,Indiana_Hoosiers,2025-09-18,227
Hoosier,1,Hoosier,Indiana_Hoosiers,2025-09-19,224
Hoosier,1,Hoosier,Indiana_Hoosiers,2025-09-20,347
Hoosier,1,Hoosier,Indiana_Hoosiers,2025-09-21,680
Hoosier,1,Hoosier,Indiana_Hoosiers,2025-09-22,294
Hoosier,1,Hoosier,Indiana_Hoosiers,2025-09-23,249
Hoosier,1,Hoosier,Indiana_Hoosiers,2025-09-24,239
Hoosier,1,Hoosier,Indiana_Hoosiers,2025-09-25,231
Hoosier,1,Hoosier,Indiana_Hoosiers,2025-09-26,198
Hoosier,1,Hoosier,Indiana_Hoosiers,2025-09-27,305
Hoosier,1,Hoosier,Indiana_Hoosiers,2025-09-28,246
Hoosier,1,Hoosier,Indiana_Hoosiers,2025-09-29,218
Hoosier,1,Hoosier,Indiana_Hoosiers,2025-09-30,193
Hoosier,1,Hoosier,Indiana_Hoosiers,2025-10-01,147
Hoosier,1,Hoosier,Indiana_Hoosiers,2025-10-02,132
Hoosier,1,Hoosier,Indiana_Hoosiers,2025-10-03,133
Hoosier,1,Hoosier,Indiana_Hoosiers,2025-10-04,195
Hoosier,1,Hoosier,Indiana_Hoosiers,2025-10-05,175
Hoosier,1,Hoosier,Indiana_Hoosiers,2025-10-06,153
Hoosier,1,Hoosier,Indiana_Hoosiers,2025-10-07,187
Hoosier,1,Hoosier,Indiana_Hoosiers,2025-10-08,163
Hoosier,1,Hoosier,Indiana_Hoosiers,2025-10-09,149
Hoosier,1,Hoosier,Indiana_Hoosiers,2025-10-10,157
Hoosier,1,Hoosier,Indiana_Hoosiers,2025-10-11,1506
Hoosier,1,Hoosier,Indiana_Hoosiers,2025-10-12,793
Hoosier,1,Hoosier,Indiana_Hoosiers,2025-10-13,422
Hoosier,1,Hoosier,Indiana_Hoosiers,2025-10-14,308
Hoosier,1,Hoosier,Indiana_Hoosiers,2025-10-15,258
Hoosier,1,Hoosier,Indiana_Hoosiers,2025-10-16,281
Hoosier,1,Hoosier,Indiana_Hoosiers,2025-10-17,358
Hoosier,1,Hoosier,Indiana_Hoosiers,2025-10-18,426
Hoosier,1,Hoosier,Indiana_Hoosiers,2025-10-19,348
Hoosier,1,Hoosier,Indiana_Hoosiers,2025-10-20,263
Hoosier,1,Hoosier,Indiana_Hoosiers,2025-10-21,239
Hoosier,1,Hoosier,Indiana_Hoosiers,2025-10-22,214
Hoosier,1,Hoosier,Indiana_Hoosiers,2025-10-23,216
Hoosier,1,Hoosier,Indiana_Hoosiers,2025-10-24,220
Hoosier,1,Hoosier,Indiana_Hoosiers,2025-10-25,660
Hoosier,1,Hoosier,Indiana_Hoosiers,2025-10-26,309
Hoosier,1,Hoosier,Indiana_Hoosiers,2025-10-27,235
Hoosier,1,Hoosier,Indiana_Hoosiers,2025-10-28,187
Hoosier,1,Hoosier,Indiana_Hoosiers,2025-10-29,189
Hoosier,1,Hoosier,Indiana_Hoosiers,2025-10-30,172
Hoosier,1,Hoosier,Indiana_Hoosiers,2025-10-31,151
Hoosier,1,Hoosier,Indiana_Hoosiers,2025-11-01,367
Hoosier,1,Hoosier,Indiana_Hoosiers,2025-11-02,265
Hoosier,1,Hoosier,Indiana_Hoosiers,2025-11-03,228
Hoosier,1,Hoosier,Indiana_Hoosiers,2025-11-04,202
Hoosier,1,Hoosier,Indiana_Hoosiers,2025-11-05,179
Hoosier,1,Hoosier,Indiana_Hoosiers,2025-11-06,214
Hoosier,1,Hoosier,Indiana_Hoosiers,2025-11-07,190
Hoosier,1,Hoosier,Indiana_Hoosiers,2025-11-08,548
Hoosier,1,Hoosier,Indiana_Hoosiers,2025-11-09,436
Hoosier,1,Hoosier,Indiana_Hoosiers,2025-11-10,237
Hoosier,1,Hoosier,Indiana_Hoosiers,2025-11-11,158
Hoosier,1,Hoosier,Indiana_Hoosiers,2025-11-12,197
Hoosier,1,Hoosier,Indiana_Hoosiers,2025-11-13,240
Hoosier,1,Hoosier,Indiana_Hoosiers,2025-11-14,188
Hoosier,1,Hoosier,Indiana_Hoosiers,2025-11-15,389
Hoosier,1,Hoosier,Indiana_Hoosiers,2025-11-16,286
Hoosier,1,Hoosier,Indiana_Hoosiers,2025-11-17,293
Hoosier,1,Hoosier,Indiana_Hoosiers,2025-11-18,267
Hoosier,1,Hoosier,Indiana_Hoosiers,2025-11-19,226
Hoosier,1,Hoosier,Indiana_Hoosiers,2025-11-20,215
Hoosier,1,Hoosier,Indiana_Hoosiers,2025-11-21,198
Hoosier,1,Hoosier,Indiana_Hoosiers,2025-11-22,243
Hoosier,1,Hoosier,Indiana_Hoosiers,2025-11-23,216
Hoosier,1,Hoosier,Indiana_Hoosiers,2025-11-24,193
Hoosier,1,Hoosier,Indiana_Hoosiers,2025-11-25,193
Hoosier,1,Hoosier,Indiana_Hoosiers,2025-11-26,271
Hoosier,1,Hoosier,Indiana_Hoosiers,2025-11-27,165
Hoosier,1,Hoosier,Indiana_Hoosiers,2025-11-28,193
Hoosier,1,Hoosier,Indiana_Hoosiers,2025-11-29,808
Hoosier,1,Hoosier,Indiana_Hoosiers,2025-11-30,428
Hoosier,1,Hoosier,Indiana_Hoosiers,2025-12-01,289
Hoosier,1,Hoosier,Indiana_Hoosiers,2025-12-02,231
Hoosier,1,Hoosier,Indiana_Hoosiers,2025-12-03,292
Hoosier,1,Hoosier,Indiana_Hoosiers,2025-12-04,384
Hoosier,1,Hoosier,Indiana_Hoosiers,2025-12-05,303
Hoosier,1,Hoosier,Indiana_Hoosiers,2025-12-06,714
Hoosier,1,Hoosier,Indiana_Hoosiers,2025-12-07,5384
Hoosier,1,Hoosier,Indiana_Hoosiers,2025-12-08,850
Brutus Buckeye,2,Brutus Buckeye,Brutus_Buckeye,2025-08-01,63
Brutus Buckeye,2,Brutus Buckeye,Brutus_Buckeye,2025-08-02,66
Brutus Buckeye,2,Brutus Buckeye,Brutus_Buckeye,2025-08-03,78
Brutus Buckeye,2,Brutus Buckeye,Brutus_Buckeye,2025-08-04,71
Brutus Buckeye,2,Brutus Buckeye,Brutus_Buckeye,2025-08-05,63
Brutus Buckeye,2,Brutus Buckeye,Brutus_Buckeye,2025-08-06,85
Brutus Buckeye,2,Brutus Buckeye,Brutus_Buckeye,2025-08-07,111
Brutus Buckeye,2,Brutus Buckeye,Brutus_Buckeye,2025-08-08,88
Brutus Buckeye,2,Brutus Buckeye,Brutus_Buckeye,2025-08-09,92
Brutus Buckeye,2,Brutus Buckeye,Brutus_Buckeye,2025-08-10,76
Brutus Buckeye,2,Brutus Buckeye,Brutus_Buckeye,2025-08-11,106
Brutus Buckeye,2,Brutus Buckeye,Brutus_Buckeye,2025-08-12,71
Brutus Buckeye,2,Brutus Buckeye,Brutus_Buckeye,2025-08-13,85
Brutus Buckeye,2,Brutus Buckeye,Brutus_Buckeye,2025-08-14,72
Brutus Buckeye,2,Brutus Buckeye,Brutus_Buckeye,2025-08-15,97
Brutus Buckeye,2,Brutus Buckeye,Brutus_Buckeye,2025-08-16,95
Brutus Buckeye,2,Brutus Buckeye,Brutus_Buckeye,2025-08-17,80
Brutus Buckeye,2,Brutus Buckeye,Brutus_Buckeye,2025-08-18,110
Brutus Buckeye,2,Brutus Buckeye,Brutus_Buckeye,2025-08-19,94
Brutus Buckeye,2,Brutus Buckeye,Brutus_Buckeye,2025-08-20,89
Brutus Buckeye,2,Brutus Buckeye,Brutus_Buckeye,2025-08-21,121
Brutus Buckeye,2,Brutus Buckeye,Brutus_Buckeye,2025-08-22,117
Brutus Buckeye,2,Brutus Buckeye,Brutus_Buckeye,2025-08-23,112
Brutus Buckeye,2,Brutus Buckeye,Brutus_Buckeye,2025-08-24,102
Brutus Buckeye,2,Brutus Buckeye,Brutus_Buckeye,2025-08-25,136
Brutus Buckeye,2,Brutus Buckeye,Brutus_Buckeye,2025-08-26,122
Brutus Buckeye,2,Brutus Buckeye,Brutus_Buckeye,2025-08-27,162
Brutus Buckeye,2,Brutus Buckeye,Brutus_Buckeye,2025-08-28,170
Brutus Buckeye,2,Brutus Buckeye,Brutus_Buckeye,2025-08-29,243
Brutus Buckeye,2,Brutus Buckeye,Brutus_Buckeye,2025-08-30,2375
Brutus Buckeye,2,Brutus Buckeye,Brutus_Buckeye,2025-08-31,821
Brutus Buckeye,2,Brutus Buckeye,Brutus_Buckeye,2025-09-01,446
Brutus Buckeye,2,Brutus Buckeye,Brutus_Buckeye,2025-09-02,206
Brutus Buckeye,2,Brutus Buckeye,Brutus_Buckeye,2025-09-03,169
Brutus Buckeye,2,Brutus Buckeye,Brutus_Buckeye,2025-09-04,174
Brutus Buckeye,2,Brutus Buckeye,Brutus_Buckeye,2025-09-05,186
Brutus Buckeye,2,Brutus Buckeye,Brutus_Buckeye,2025-09-06,296
Brutus Buckeye,2,Brutus Buckeye,Brutus_Buckeye,2025-09-07,247
Brutus Buckeye,2,Brutus Buckeye,Brutus_Buckeye,2025-09-08,194
Brutus Buckeye,2,Brutus Buckeye,Brutus_Buckeye,2025-09-09,139
Brutus Buckeye,2,Brutus Buckeye,Brutus_Buckeye,2025-09-10,184
Brutus Buckeye,2,Brutus Buckeye,Brutus_Buckeye,2025-09-11,135
Brutus Buckeye,2,Brutus Buckeye,Brutus_Buckeye,2025-09-12,267
Brutus Buckeye,2,Brutus Buckeye,Brutus_Buckeye,2025-09-13,374
Brutus Buckeye,2,Brutus Buckeye,Brutus_Buckeye,2025-09-14,334
Brutus Buckeye,2,Brutus Buckeye,Brutus_Buckeye,2025-09-15,187
Brutus Buckeye,2,Brutus Buckeye,Brutus_Buckeye,2025-09-16,187
Brutus Buckeye,2,Brutus Buckeye,Brutus_Buckeye,2025-09-17,190
Brutus Buckeye,2,Brutus Buckeye,Brutus_Buckeye,2025-09-18,237
Brutus Buckeye,2,Brutus Buckeye,Brutus_Buckeye,2025-09-19,226
Brutus Buckeye,2,Brutus Buckeye,Brutus_Buckeye,2025-09-20,243
Brutus Buckeye,2,Brutus Buckeye,Brutus_Buckeye,2025-09-21,240
Brutus Buckeye,2,Brutus Buckeye,Brutus_Buckeye,2025-09-22,174
Brutus Buckeye,2,Brutus Buckeye,Brutus_Buckeye,2025-09-23,167
Brutus Buckeye,2,Brutus Buckeye,Brutus_Buckeye,2025-09-24,128
Brutus Buckeye,2,Brutus Buckeye,Brutus_Buckeye,2025-09-25,162
Brutus Buckeye,2,Brutus Buckeye,Brutus_Buckeye,2025-09-26,139
Brutus Buckeye,2,Brutus Buckeye,Brutus_Buckeye,2025-09-27,289
Brutus Buckeye,2,Brutus Buckeye,Brutus_Buckeye,2025-09-28,196
Brutus Buckeye,2,Brutus Buckeye,Brutus_Buckeye,2025-09-29,130
Brutus Buckeye,2,Brutus Buckeye,Brutus_Buckeye,2025-09-30,130
Brutus Buckeye,2,Brutus Buckeye,Brutus_Buckeye,2025-10-01,123
Brutus Buckeye,2,Brutus Buckeye,Brutus_Buckeye,2025-10-02,136
Brutus Buckeye,2,Brutus Buckeye,Brutus_Buckeye,2025-10-03,110
Brutus Buckeye,2,Brutus Buckeye,Brutus_Buckeye,2025-10-04,246
Brutus Buckeye,2,Brutus Buckeye,Brutus_Buckeye,2025-10-05,321
Brutus Buckeye,2,Brutus Buckeye,Brutus_Buckeye,2025-10-06,123
Brutus Buckeye,2,Brutus Buckeye,Brutus_Buckeye,2025-10-07,127
Brutus Buckeye,2,Brutus Buckeye,Brutus_Buckeye,2025-10-08,410
Brutus Buckeye,2,Brutus Buckeye,Brutus_Buckeye,2025-10-09,113
Brutus Buckeye,2,Brutus Buckeye,Brutus_Buckeye,2025-10-10,136
Brutus Buckeye,2,Brutus Buckeye,Brutus_Buckeye,2025-10-11,438
Brutus Buckeye,2,Brutus Buckeye,Brutus_Buckeye,2025-10-12,189
Brutus Buckeye,2,Brutus Buckeye,Brutus_Buckeye,2025-10-13,129
Brutus Buckeye,2,Brutus Buckeye,Brutus_Buckeye,2025-10-14,99
Brutus Buckeye,2,Brutus Buckeye,Brutus_Buckeye,2025-10-15,107
Brutus Buckeye,2,Brutus Buckeye,Brutus_Buckeye,2025-10-16,124
Brutus Buckeye,2,Brutus Buckeye,Brutus_Buckeye,2025-10-17,133
Brutus Buckeye,2,Brutus Buckeye,Brutus_Buckeye,2025-10-18,249
Brutus Buckeye,2,Brutus Buckeye,Brutus_Buckeye,2025-10-19,161
Brutus Buckeye,2,Brutus Buckeye,Brutus_Buckeye,2025-10-20,117
Brutus Buckeye,2,Brutus Buckeye,Brutus_Buckeye,2025-10-21,98
Brutus Buckeye,2,Brutus Buckeye,Brutus_Buckeye,2025-10-22,109
Brutus Buckeye,2,Brutus Buckeye,Brutus_Buckeye,2025-10-23,95
Brutus Buckeye,2,Brutus Buckeye,Brutus_Buckeye,2025-10-24,90
Brutus Buckeye,2,Brutus Buckeye,Brutus_Buckeye,2025-10-25,143
Brutus Buckeye,2,Brutus Buckeye,Brutus_Buckeye,2025-10-26,144
Brutus Buckeye,2,Brutus Buckeye,Brutus_Buckeye,2025-10-27,169
Brutus Buckeye,2,Brutus Buckeye,Brutus_Buckeye,2025-10-28,201
Brutus Buckeye,2,Brutus Buckeye,Brutus_Buckeye,2025-10-29,207
Brutus Buckeye,2,Brutus Buckeye,Brutus_Buckeye,2025-10-30,223
Brutus Buckeye,2,Brutus Buckeye,Brutus_Buckeye,2025-10-31,202
Brutus Buckeye,2,Brutus Buckeye,Brutus_Buckeye,2025-11-01,863
Brutus Buckeye,2,Brutus Buckeye,Brutus_Buckeye,2025-11-02,348
Brutus Buckeye,2,Brutus Buckeye,Brutus_Buckeye,2025-11-03,303
Brutus Buckeye,2,Brutus Buckeye,Brutus_Buckeye,2025-11-04,132
Brutus Buckeye,2,Brutus Buckeye,Brutus_Buckeye,2025-11-05,132
Brutus Buckeye,2,Brutus Buckeye,Brutus_Buckeye,2025-11-06,107
Brutus Buckeye,2,Brutus Buckeye,Brutus_Buckeye,2025-11-07,115
Brutus Buckeye,2,Brutus Buckeye,Brutus_Buckeye,2025-11-08,197
Brutus Buckeye,2,Brutus Buckeye,Brutus_Buckeye,2025-11-09,160
Brutus Buckeye,2,Brutus Buckeye,Brutus_Buckeye,2025-11-10,111
Brutus Buckeye,2,Brutus Buckeye,Brutus_Buckeye,2025-11-11,95
Brutus Buckeye,2,Brutus Buckeye,Brutus_Buckeye,2025-11-12,113
Brutus Buckeye,2,Brutus Buckeye,Brutus_Buckeye,2025-11-13,102
Brutus Buckeye,2,Brutus Buckeye,Brutus_Buckeye,2025-11-14,96
Brutus Buckeye,2,Brutus Buckeye,Brutus_Buckeye,2025-11-15,169
Brutus Buckeye,2,Brutus Buckeye,Brutus_Buckeye,2025-11-16,320
Brutus Buckeye,2,Brutus Buckeye,Brutus_Buckeye,2025-11-17,140
Brutus Buckeye,2,Brutus Buckeye,Brutus_Buckeye,2025-11-18,121
Brutus Buckeye,2,Brutus Buckeye,Brutus_Buckeye,2025-11-19,143
Brutus Buckeye,2,Brutus Buckeye,Brutus_Buckeye,2025-11-20,142
Brutus Buckeye,2,Brutus Buckeye,Brutus_Buckeye,2025-11-21,109
Brutus Buckeye,2,Brutus Buckeye,Brutus_Buckeye,2025-11-22,272
Brutus Buckeye,2,Brutus Buckeye,Brutus_Buckeye,2025-11-23,193
Brutus Buckeye,2,Brutus Buckeye,Brutus_Buckeye,2025-11-24,151
Brutus Buckeye,2,Brutus Buckeye,Brutus_Buckeye,2025-11-25,127
Brutus Buckeye,2,Brutus Buckeye,Brutus_Buckeye,2025-11-26,123
Brutus Buckeye,2,Brutus Buckeye,Brutus_Buckeye,2025-11-27,134
Brutus Buckeye,2,Brutus Buckeye,Brutus_Buckeye,2025-11-28,144
Brutus Buckeye,2,Brutus Buckeye,Brutus_Buckeye,2025-11-29,2046
Brutus Buckeye,2,Brutus Buckeye,Brutus_Buckeye,2025-11-30,2149
Brutus Buckeye,2,Brutus Buckeye,Brutus_Buckeye,2025-12-01,1003
Brutus Buckeye,2,Brutus Buckeye,Brutus_Buckeye,2025-12-02,573
Brutus Buckeye,2,Brutus Buckeye,Brutus_Buckeye,2025-12-03,415
Brutus Buckeye,2,Brutus Buckeye,Brutus_Buckeye,2025-12-04,349
Brutus Buckeye,2,Brutus Buckeye,Brutus_Buckeye,2025-12-05,362
Brutus Buckeye,2,Brutus Buckeye,Brutus_Buckeye,2025-12-06,388
Brutus Buckeye,2,Brutus Buckeye,Brutus_Buckeye,2025-12-07,1345
Brutus Buckeye,2,Brutus Buckeye,Brutus_Buckeye,2025-12-08,293
Uga,3,Uga,Uga_(mascot),2025-08-01,116
Uga,3,Uga,Uga_(mascot),2025-08-02,111
Uga,3,Uga,Uga_(mascot),2025-08-03,104
Uga,3,Uga,Uga_(mascot),2025-08-04,115
Uga,3,Uga,Uga_(mascot),2025-08-05,123
Uga,3,Uga,Uga_(mascot),2025-08-06,132
Uga,3,Uga,Uga_(mascot),2025-08-07,149
Uga,3,Uga,Uga_(mascot),2025-08-08,155
Uga,3,Uga,Uga_(mascot),2025-08-09,172
Uga,3,Uga,Uga_(mascot),2025-08-10,142
Uga,3,Uga,Uga_(mascot),2025-08-11,124
Uga,3,Uga,Uga_(mascot),2025-08-12,144
Uga,3,Uga,Uga_(mascot),2025-08-13,120
Uga,3,Uga,Uga_(mascot),2025-08-14,129
Uga,3,Uga,Uga_(mascot),2025-08-15,160
Uga,3,Uga,Uga_(mascot),2025-08-16,134
Uga,3,Uga,Uga_(mascot),2025-08-17,144
Uga,3,Uga,Uga_(mascot),2025-08-18,145
Uga,3,Uga,Uga_(mascot),2025-08-19,148
Uga,3,Uga,Uga_(mascot),2025-08-20,122
Uga,3,Uga,Uga_(mascot),2025-08-21,156
Uga,3,Uga,Uga_(mascot),2025-08-22,147
Uga,3,Uga,Uga_(mascot),2025-08-23,192
Uga,3,Uga,Uga_(mascot),2025-08-24,191
Uga,3,Uga,Uga_(mascot),2025-08-25,200
Uga,3,Uga,Uga_(mascot),2025-08-26,264
Uga,3,Uga,Uga_(mascot),2025-08-27,236
Uga,3,Uga,Uga_(mascot),2025-08-28,219
Uga,3,Uga,Uga_(mascot),2025-08-29,249
Uga,3,Uga,Uga_(mascot),2025-08-30,910
Uga,3,Uga,Uga_(mascot),2025-08-31,624
Uga,3,Uga,Uga_(mascot),2025-09-01,370
Uga,3,Uga,Uga_(mascot),2025-09-02,244
Uga,3,Uga,Uga_(mascot),2025-09-03,214
Uga,3,Uga,Uga_(mascot),2025-09-04,223
Uga,3,Uga,Uga_(mascot),2025-09-05,225
Uga,3,Uga,Uga_(mascot),2025-09-06,466
Uga,3,Uga,Uga_(mascot),2025-09-07,372
Uga,3,Uga,Uga_(mascot),2025-09-08,282
Uga,3,Uga,Uga_(mascot),2025-09-09,271
Uga,3,Uga,Uga_(mascot),2025-09-10,179
Uga,3,Uga,Uga_(mascot),2025-09-11,446
Uga,3,Uga,Uga_(mascot),2025-09-12,1285
Uga,3,Uga,Uga_(mascot),2025-09-13,1606
Uga,3,Uga,Uga_(mascot),2025-09-14,1013
Uga,3,Uga,Uga_(mascot),2025-09-15,577
Uga,3,Uga,Uga_(mascot),2025-09-16,331
Uga,3,Uga,Uga_(mascot),2025-09-17,285
Uga,3,Uga,Uga_(mascot),2025-09-18,230
Uga,3,Uga,Uga_(mascot),2025-09-19,301
Uga,3,Uga,Uga_(mascot),2025-09-20,360
Uga,3,Uga,Uga_(mascot),2025-09-21,356
Uga,3,Uga,Uga_(mascot),2025-09-22,226
Uga,3,Uga,Uga_(mascot),2025-09-23,215
Uga,3,Uga,Uga_(mascot),2025-09-24,208
Uga,3,Uga,Uga_(mascot),2025-09-25,216
Uga,3,Uga,Uga_(mascot),2025-09-26,263
Uga,3,Uga,Uga_(mascot),2025-09-27,715
Uga,3,Uga,Uga_(mascot),2025-09-28,1053
Uga,3,Uga,Uga_(mascot),2025-09-29,420
Uga,3,Uga,Uga_(mascot),2025-09-30,332
Uga,3,Uga,Uga_(mascot),2025-10-01,195
Uga,3,Uga,Uga_(mascot),2025-10-02,190
Uga,3,Uga,Uga_(mascot),2025-10-03,226
Uga,3,Uga,Uga_(mascot),2025-10-04,676
Uga,3,Uga,Uga_(mascot),2025-10-05,372
Uga,3,Uga,Uga_(mascot),2025-10-06,192
Uga,3,Uga,Uga_(mascot),2025-10-07,220
Uga,3,Uga,Uga_(mascot),2025-10-08,168
Uga,3,Uga,Uga_(mascot),2025-10-09,168
Uga,3,Uga,Uga_(mascot),2025-10-10,201
Uga,3,Uga,Uga_(mascot),2025-10-11,563
Uga,3,Uga,Uga_(mascot),2025-10-12,614
Uga,3,Uga,Uga_(mascot),2025-10-13,284
Uga,3,Uga,Uga_(mascot),2025-10-14,211
Uga,3,Uga,Uga_(mascot),2025-10-15,230
Uga,3,Uga,Uga_(mascot),2025-10-16,190
Uga,3,Uga,Uga_(mascot),2025-10-17,197
Uga,3,Uga,Uga_(mascot),2025-10-18,2666
Uga,3,Uga,Uga_(mascot),2025-10-19,682
Uga,3,Uga,Uga_(mascot),2025-10-20,277
Uga,3,Uga,Uga_(mascot),2025-10-21,223
Uga,3,Uga,Uga_(mascot),2025-10-22,219
Uga,3,Uga,Uga_(mascot),2025-10-23,203
Uga,3,Uga,Uga_(mascot),2025-10-24,228
Uga,3,Uga,Uga_(mascot),2025-10-25,304
Uga,3,Uga,Uga_(mascot),2025-10-26,270
Uga,3,Uga,Uga_(mascot),2025-10-27,173
Uga,3,Uga,Uga_(mascot),2025-10-28,179
Uga,3,Uga,Uga_(mascot),2025-10-29,217
Uga,3,Uga,Uga_(mascot),2025-10-30,250
Uga,3,Uga,Uga_(mascot),2025-10-31,195
Uga,3,Uga,Uga_(mascot),2025-11-01,630
Uga,3,Uga,Uga_(mascot),2025-11-02,288
Uga,3,Uga,Uga_(mascot),2025-11-03,192
Uga,3,Uga,Uga_(mascot),2025-11-04,146
Uga,3,Uga,Uga_(mascot),2025-11-05,159
Uga,3,Uga,Uga_(mascot),2025-11-06,178
Uga,3,Uga,Uga_(mascot),2025-11-07,207
Uga,3,Uga,Uga_(mascot),2025-11-08,713
Uga,3,Uga,Uga_(mascot),2025-11-09,303
Uga,3,Uga,Uga_(mascot),2025-11-10,204
Uga,3,Uga,Uga_(mascot),2025-11-11,161
Uga,3,Uga,Uga_(mascot),2025-11-12,195
Uga,3,Uga,Uga_(mascot),2025-11-13,160
Uga,3,Uga,Uga_(mascot),2025-11-14,252
Uga,3,Uga,Uga_(mascot),2025-11-15,360
Uga,3,Uga,Uga_(mascot),2025-11-16,1392
Uga,3,Uga,Uga_(mascot),2025-11-17,321
Uga,3,Uga,Uga_(mascot),2025-11-18,270
Uga,3,Uga,Uga_(mascot),2025-11-19,229
Uga,3,Uga,Uga_(mascot),2025-11-20,185
Uga,3,Uga,Uga_(mascot),2025-11-21,229
Uga,3,Uga,Uga_(mascot),2025-11-22,451
Uga,3,Uga,Uga_(mascot),2025-11-23,322
Uga,3,Uga,Uga_(mascot),2025-11-24,189
Uga,3,Uga,Uga_(mascot),2025-11-25,204
Uga,3,Uga,Uga_(mascot),2025-11-26,192
Uga,3,Uga,Uga_(mascot),2025-11-27,268
Uga,3,Uga,Uga_(mascot),2025-11-28,623
Uga,3,Uga,Uga_(mascot),2025-11-29,955
Uga,3,Uga,Uga_(mascot),2025-11-30,440
Uga,3,Uga,Uga_(mascot),2025-12-01,204
Uga,3,Uga,Uga_(mascot),2025-12-02,246
Uga,3,Uga,Uga_(mascot),2025-12-03,204
Uga,3,Uga,Uga_(mascot),2025-12-04,175
Uga,3,Uga,Uga_(mascot),2025-12-05,215
Uga,3,Uga,Uga_(mascot),2025-12-06,2059
Uga,3,Uga,Uga_(mascot),2025-12-07,837
Uga,3,Uga,Uga_(mascot),2025-12-08,309
The Masked Rider,4,The Masked Rider,The_Masked_Rider,2025-08-01,59
The Masked Rider,4,The Masked Rider,The_Masked_Rider,2025-08-02,41
The Masked Rider,4,The Masked Rider,The_Masked_Rider,2025-08-03,33
The Masked Rider,4,The Masked Rider,The_Masked_Rider,2025-08-04,65
The Masked Rider,4,The Masked Rider,The_Masked_Rider,2025-08-05,25
The Masked Rider,4,The Masked Rider,The_Masked_Rider,2025-08-06,43
The Masked Rider,4,The Masked Rider,The_Masked_Rider,2025-08-07,71
The Masked Rider,4,The Masked Rider,The_Masked_Rider,2025-08-08,71
The Masked Rider,4,The Masked Rider,The_Masked_Rider,2025-08-09,56
The Masked Rider,4,The Masked Rider,The_Masked_Rider,2025-08-10,54
The Masked Rider,4,The Masked Rider,The_Masked_Rider,2025-08-11,44
The Masked Rider,4,The Masked Rider,The_Masked_Rider,2025-08-12,57
The Masked Rider,4,The Masked Rider,The_Masked_Rider,2025-08-13,38
The Masked Rider,4,The Masked Rider,The_Masked_Rider,2025-08-14,46
The Masked Rider,4,The Masked Rider,The_Masked_Rider,2025-08-15,69
The Masked Rider,4,The Masked Rider,The_Masked_Rider,2025-08-16,425
The Masked Rider,4,The Masked Rider,The_Masked_Rider,2025-08-17,800
The Masked Rider,4,The Masked Rider,The_Masked_Rider,2025-08-18,313
The Masked Rider,4,The Masked Rider,The_Masked_Rider,2025-08-19,94
The Masked Rider,4,The Masked Rider,The_Masked_Rider,2025-08-20,218
The Masked Rider,4,The Masked Rider,The_Masked_Rider,2025-08-21,84
The Masked Rider,4,The Masked Rider,The_Masked_Rider,2025-08-22,90
The Masked Rider,4,The Masked Rider,The_Masked_Rider,2025-08-23,96
The Masked Rider,4,The Masked Rider,The_Masked_Rider,2025-08-24,57
The Masked Rider,4,The Masked Rider,The_Masked_Rider,2025-08-25,81
The Masked Rider,4,The Masked Rider,The_Masked_Rider,2025-08-26,59
The Masked Rider,4,The Masked Rider,The_Masked_Rider,2025-08-27,62
The Masked Rider,4,The Masked Rider,The_Masked_Rider,2025-08-28,50
The Masked Rider,4,The Masked Rider,The_Masked_Rider,2025-08-29,73
The Masked Rider,4,The Masked Rider,The_Masked_Rider,2025-08-30,122
The Masked Rider,4,The Masked Rider,The_Masked_Rider,2025-08-31,155
The Masked Rider,4,The Masked Rider,The_Masked_Rider,2025-09-01,130
The Masked Rider,4,The Masked Rider,The_Masked_Rider,2025-09-02,48
The Masked Rider,4,The Masked Rider,The_Masked_Rider,2025-09-03,62
The Masked Rider,4,The Masked Rider,The_Masked_Rider,2025-09-04,51
The Masked Rider,4,The Masked Rider,The_Masked_Rider,2025-09-05,70
The Masked Rider,4,The Masked Rider,The_Masked_Rider,2025-09-06,145
The Masked Rider,4,The Masked Rider,The_Masked_Rider,2025-09-07,89
The Masked Rider,4,The Masked Rider,The_Masked_Rider,2025-09-08,74
The Masked Rider,4,The Masked Rider,The_Masked_Rider,2025-09-09,54
The Masked Rider,4,The Masked Rider,The_Masked_Rider,2025-09-10,55
The Masked Rider,4,The Masked Rider,The_Masked_Rider,2025-09-11,52
The Masked Rider,4,The Masked Rider,The_Masked_Rider,2025-09-12,59
The Masked Rider,4,The Masked Rider,The_Masked_Rider,2025-09-13,197
The Masked Rider,4,The Masked Rider,The_Masked_Rider,2025-09-14,199
The Masked Rider,4,The Masked Rider,The_Masked_Rider,2025-09-15,85
The Masked Rider,4,The Masked Rider,The_Masked_Rider,2025-09-16,70
The Masked Rider,4,The Masked Rider,The_Masked_Rider,2025-09-17,62
The Masked Rider,4,The Masked Rider,The_Masked_Rider,2025-09-18,52
The Masked Rider,4,The Masked Rider,The_Masked_Rider,2025-09-19,89
The Masked Rider,4,The Masked Rider,The_Masked_Rider,2025-09-20,247
The Masked Rider,4,The Masked Rider,The_Masked_Rider,2025-09-21,99
The Masked Rider,4,The Masked Rider,The_Masked_Rider,2025-09-22,64
The Masked Rider,4,The Masked Rider,The_Masked_Rider,2025-09-23,52
The Masked Rider,4,The Masked Rider,The_Masked_Rider,2025-09-24,48
The Masked Rider,4,The Masked Rider,The_Masked_Rider,2025-09-25,62
The Masked Rider,4,The Masked Rider,The_Masked_Rider,2025-09-26,63
The Masked Rider,4,The Masked Rider,The_Masked_Rider,2025-09-27,86
The Masked Rider,4,The Masked Rider,The_Masked_Rider,2025-09-28,79
The Masked Rider,4,The Masked Rider,The_Masked_Rider,2025-09-29,72
The Masked Rider,4,The Masked Rider,The_Masked_Rider,2025-09-30,76
The Masked Rider,4,The Masked Rider,The_Masked_Rider,2025-10-01,39
The Masked Rider,4,The Masked Rider,The_Masked_Rider,2025-10-02,62
The Masked Rider,4,The Masked Rider,The_Masked_Rider,2025-10-03,73
The Masked Rider,4,The Masked Rider,The_Masked_Rider,2025-10-04,96
The Masked Rider,4,The Masked Rider,The_Masked_Rider,2025-10-05,128
The Masked Rider,4,The Masked Rider,The_Masked_Rider,2025-10-06,56
The Masked Rider,4,The Masked Rider,The_Masked_Rider,2025-10-07,91
The Masked Rider,4,The Masked Rider,The_Masked_Rider,2025-10-08,70
The Masked Rider,4,The Masked Rider,The_Masked_Rider,2025-10-09,75
The Masked Rider,4,The Masked Rider,The_Masked_Rider,2025-10-10,69
The Masked Rider,4,The Masked Rider,The_Masked_Rider,2025-10-11,161
The Masked Rider,4,The Masked Rider,The_Masked_Rider,2025-10-12,307
The Masked Rider,4,The Masked Rider,The_Masked_Rider,2025-10-13,106
The Masked Rider,4,The Masked Rider,The_Masked_Rider,2025-10-14,67
The Masked Rider,4,The Masked Rider,The_Masked_Rider,2025-10-15,89
The Masked Rider,4,The Masked Rider,The_Masked_Rider,2025-10-16,61
The Masked Rider,4,The Masked Rider,The_Masked_Rider,2025-10-17,84
The Masked Rider,4,The Masked Rider,The_Masked_Rider,2025-10-18,144
The Masked Rider,4,The Masked Rider,The_Masked_Rider,2025-10-19,74
The Masked Rider,4,The Masked Rider,The_Masked_Rider,2025-10-20,75
The Masked Rider,4,The Masked Rider,The_Masked_Rider,2025-10-21,67
The Masked Rider,4,The Masked Rider,The_Masked_Rider,2025-10-22,72
The Masked Rider,4,The Masked Rider,The_Masked_Rider,2025-10-23,113
The Masked Rider,4,The Masked Rider,The_Masked_Rider,2025-10-24,62
The Masked Rider,4,The Masked Rider,The_Masked_Rider,2025-10-25,139
The Masked Rider,4,The Masked Rider,The_Masked_Rider,2025-10-26,126
The Masked Rider,4,The Masked Rider,The_Masked_Rider,2025-10-27,110
The Masked Rider,4,The Masked Rider,The_Masked_Rider,2025-10-28,59
The Masked Rider,4,The Masked Rider,The_Masked_Rider,2025-10-29,57
The Masked Rider,4,The Masked Rider,The_Masked_Rider,2025-10-30,47
The Masked Rider,4,The Masked Rider,The_Masked_Rider,2025-10-31,62
The Masked Rider,4,The Masked Rider,The_Masked_Rider,2025-11-01,105
The Masked Rider,4,The Masked Rider,The_Masked_Rider,2025-11-02,78
The Masked Rider,4,The Masked Rider,The_Masked_Rider,2025-11-03,55
The Masked Rider,4,The Masked Rider,The_Masked_Rider,2025-11-04,53
The Masked Rider,4,The Masked Rider,The_Masked_Rider,2025-11-05,71
The Masked Rider,4,The Masked Rider,The_Masked_Rider,2025-11-06,57
The Masked Rider,4,The Masked Rider,The_Masked_Rider,2025-11-07,164
The Masked Rider,4,The Masked Rider,The_Masked_Rider,2025-11-08,966
The Masked Rider,4,The Masked Rider,The_Masked_Rider,2025-11-09,210
The Masked Rider,4,The Masked Rider,The_Masked_Rider,2025-11-10,121
The Masked Rider,4,The Masked Rider,The_Masked_Rider,2025-11-11,87
The Masked Rider,4,The Masked Rider,The_Masked_Rider,2025-11-12,70
The Masked Rider,4,The Masked Rider,The_Masked_Rider,2025-11-13,63
The Masked Rider,4,The Masked Rider,The_Masked_Rider,2025-11-14,62
The Masked Rider,4,The Masked Rider,The_Masked_Rider,2025-11-15,188
The Masked Rider,4,The Masked Rider,The_Masked_Rider,2025-11-16,132
The Masked Rider,4,The Masked Rider,The_Masked_Rider,2025-11-17,110
The Masked Rider,4,The Masked Rider,The_Masked_Rider,2025-11-18,83
The Masked Rider,4,The Masked Rider,The_Masked_Rider,2025-11-19,58
The Masked Rider,4,The Masked Rider,The_Masked_Rider,2025-11-20,52
The Masked Rider,4,The Masked Rider,The_Masked_Rider,2025-11-21,53
The Masked Rider,4,The Masked Rider,The_Masked_Rider,2025-11-22,80
The Masked Rider,4,The Masked Rider,The_Masked_Rider,2025-11-23,72
The Masked Rider,4,The Masked Rider,The_Masked_Rider,2025-11-24,37
The Masked Rider,4,The Masked Rider,The_Masked_Rider,2025-11-25,69
The Masked Rider,4,The Masked Rider,The_Masked_Rider,2025-11-26,54
The Masked Rider,4,The Masked Rider,The_Masked_Rider,2025-11-27,63
The Masked Rider,4,The Masked Rider,The_Masked_Rider,2025-11-28,77
The Masked Rider,4,The Masked Rider,The_Masked_Rider,2025-11-29,142
The Masked Rider,4,The Masked Rider,The_Masked_Rider,2025-11-30,98
The Masked Rider,4,The Masked Rider,The_Masked_Rider,2025-12-01,60
The Masked Rider,4,The Masked Rider,The_Masked_Rider,2025-12-02,65
The Masked Rider,4,The Masked Rider,The_Masked_Rider,2025-12-03,75
The Masked Rider,4,The Masked Rider,The_Masked_Rider,2025-12-04,70
The Masked Rider,4,The Masked Rider,The_Masked_Rider,2025-12-05,85
The Masked Rider,4,The Masked Rider,The_Masked_Rider,2025-12-06,906
The Masked Rider,4,The Masked Rider,The_Masked_Rider,2025-12-07,285
The Masked Rider,4,The Masked Rider,The_Masked_Rider,2025-12-08,121
The Oregon Duck,5,The Oregon Duck,The_Oregon_Duck,2025-08-01,97
The Oregon Duck,5,The Oregon Duck,The_Oregon_Duck,2025-08-02,77
The Oregon Duck,5,The Oregon Duck,The_Oregon_Duck,2025-08-03,67
The Oregon Duck,5,The Oregon Duck,The_Oregon_Duck,2025-08-04,90
The Oregon Duck,5,The Oregon Duck,The_Oregon_Duck,2025-08-05,74
The Oregon Duck,5,The Oregon Duck,The_Oregon_Duck,2025-08-06,121
The Oregon Duck,5,The Oregon Duck,The_Oregon_Duck,2025-08-07,98
The Oregon Duck,5,The Oregon Duck,The_Oregon_Duck,2025-08-08,105
The Oregon Duck,5,The Oregon Duck,The_Oregon_Duck,2025-08-09,98
The Oregon Duck,5,The Oregon Duck,The_Oregon_Duck,2025-08-10,100
The Oregon Duck,5,The Oregon Duck,The_Oregon_Duck,2025-08-11,114
The Oregon Duck,5,The Oregon Duck,The_Oregon_Duck,2025-08-12,102
The Oregon Duck,5,The Oregon Duck,The_Oregon_Duck,2025-08-13,94
The Oregon Duck,5,The Oregon Duck,The_Oregon_Duck,2025-08-14,96
The Oregon Duck,5,The Oregon Duck,The_Oregon_Duck,2025-08-15,136
The Oregon Duck,5,The Oregon Duck,The_Oregon_Duck,2025-08-16,114
The Oregon Duck,5,The Oregon Duck,The_Oregon_Duck,2025-08-17,134
The Oregon Duck,5,The Oregon Duck,The_Oregon_Duck,2025-08-18,94
The Oregon Duck,5,The Oregon Duck,The_Oregon_Duck,2025-08-19,111
The Oregon Duck,5,The Oregon Duck,The_Oregon_Duck,2025-08-20,119
The Oregon Duck,5,The Oregon Duck,The_Oregon_Duck,2025-08-21,81
The Oregon Duck,5,The Oregon Duck,The_Oregon_Duck,2025-08-22,120
The Oregon Duck,5,The Oregon Duck,The_Oregon_Duck,2025-08-23,159
The Oregon Duck,5,The Oregon Duck,The_Oregon_Duck,2025-08-24,100
The Oregon Duck,5,The Oregon Duck,The_Oregon_Duck,2025-08-25,141
The Oregon Duck,5,The Oregon Duck,The_Oregon_Duck,2025-08-26,105
The Oregon Duck,5,The Oregon Duck,The_Oregon_Duck,2025-08-27,124
The Oregon Duck,5,The Oregon Duck,The_Oregon_Duck,2025-08-28,136
The Oregon Duck,5,The Oregon Duck,The_Oregon_Duck,2025-08-29,150
The Oregon Duck,5,The Oregon Duck,The_Oregon_Duck,2025-08-30,480
The Oregon Duck,5,The Oregon Duck,The_Oregon_Duck,2025-08-31,1310
The Oregon Duck,5,The Oregon Duck,The_Oregon_Duck,2025-09-01,834
The Oregon Duck,5,The Oregon Duck,The_Oregon_Duck,2025-09-02,326
The Oregon Duck,5,The Oregon Duck,The_Oregon_Duck,2025-09-03,197
The Oregon Duck,5,The Oregon Duck,The_Oregon_Duck,2025-09-04,170
The Oregon Duck,5,The Oregon Duck,The_Oregon_Duck,2025-09-05,210
The Oregon Duck,5,The Oregon Duck,The_Oregon_Duck,2025-09-06,849
The Oregon Duck,5,The Oregon Duck,The_Oregon_Duck,2025-09-07,622
The Oregon Duck,5,The Oregon Duck,The_Oregon_Duck,2025-09-08,492
The Oregon Duck,5,The Oregon Duck,The_Oregon_Duck,2025-09-09,282
The Oregon Duck,5,The Oregon Duck,The_Oregon_Duck,2025-09-10,148
The Oregon Duck,5,The Oregon Duck,The_Oregon_Duck,2025-09-11,340
The Oregon Duck,5,The Oregon Duck,The_Oregon_Duck,2025-09-12,919
The Oregon Duck,5,The Oregon Duck,The_Oregon_Duck,2025-09-13,530
The Oregon Duck,5,The Oregon Duck,The_Oregon_Duck,2025-09-14,522
The Oregon Duck,5,The Oregon Duck,The_Oregon_Duck,2025-09-15,308
The Oregon Duck,5,The Oregon Duck,The_Oregon_Duck,2025-09-16,146
The Oregon Duck,5,The Oregon Duck,The_Oregon_Duck,2025-09-17,131
The Oregon Duck,5,The Oregon Duck,The_Oregon_Duck,2025-09-18,117
The Oregon Duck,5,The Oregon Duck,The_Oregon_Duck,2025-09-19,164
The Oregon Duck,5,The Oregon Duck,The_Oregon_Duck,2025-09-20,311
The Oregon Duck,5,The Oregon Duck,The_Oregon_Duck,2025-09-21,201
The Oregon Duck,5,The Oregon Duck,The_Oregon_Duck,2025-09-22,155
The Oregon Duck,5,The Oregon Duck,The_Oregon_Duck,2025-09-23,149
The Oregon Duck,5,The Oregon Duck,The_Oregon_Duck,2025-09-24,144
The Oregon Duck,5,The Oregon Duck,The_Oregon_Duck,2025-09-25,192
The Oregon Duck,5,The Oregon Duck,The_Oregon_Duck,2025-09-26,297
The Oregon Duck,5,The Oregon Duck,The_Oregon_Duck,2025-09-27,525
The Oregon Duck,5,The Oregon Duck,The_Oregon_Duck,2025-09-28,1027
The Oregon Duck,5,The Oregon Duck,The_Oregon_Duck,2025-09-29,345
The Oregon Duck,5,The Oregon Duck,The_Oregon_Duck,2025-09-30,258
The Oregon Duck,5,The Oregon Duck,The_Oregon_Duck,2025-10-01,190
The Oregon Duck,5,The Oregon Duck,The_Oregon_Duck,2025-10-02,170
The Oregon Duck,5,The Oregon Duck,The_Oregon_Duck,2025-10-03,186
The Oregon Duck,5,The Oregon Duck,The_Oregon_Duck,2025-10-04,162
The Oregon Duck,5,The Oregon Duck,The_Oregon_Duck,2025-10-05,169
The Oregon Duck,5,The Oregon Duck,The_Oregon_Duck,2025-10-06,140
The Oregon Duck,5,The Oregon Duck,The_Oregon_Duck,2025-10-07,141
The Oregon Duck,5,The Oregon Duck,The_Oregon_Duck,2025-10-08,170
The Oregon Duck,5,The Oregon Duck,The_Oregon_Duck,2025-10-09,181
The Oregon Duck,5,The Oregon Duck,The_Oregon_Duck,2025-10-10,165
The Oregon Duck,5,The Oregon Duck,The_Oregon_Duck,2025-10-11,1147
The Oregon Duck,5,The Oregon Duck,The_Oregon_Duck,2025-10-12,271
The Oregon Duck,5,The Oregon Duck,The_Oregon_Duck,2025-10-13,147
The Oregon Duck,5,The Oregon Duck,The_Oregon_Duck,2025-10-14,147
The Oregon Duck,5,The Oregon Duck,The_Oregon_Duck,2025-10-15,139
The Oregon Duck,5,The Oregon Duck,The_Oregon_Duck,2025-10-16,121
The Oregon Duck,5,The Oregon Duck,The_Oregon_Duck,2025-10-17,120
The Oregon Duck,5,The Oregon Duck,The_Oregon_Duck,2025-10-18,153
The Oregon Duck,5,The Oregon Duck,The_Oregon_Duck,2025-10-19,272
The Oregon Duck,5,The Oregon Duck,The_Oregon_Duck,2025-10-20,171
The Oregon Duck,5,The Oregon Duck,The_Oregon_Duck,2025-10-21,137
The Oregon Duck,5,The Oregon Duck,The_Oregon_Duck,2025-10-22,140
The Oregon Duck,5,The Oregon Duck,The_Oregon_Duck,2025-10-23,130
The Oregon Duck,5,The Oregon Duck,The_Oregon_Duck,2025-10-24,103
The Oregon Duck,5,The Oregon Duck,The_Oregon_Duck,2025-10-25,224
The Oregon Duck,5,The Oregon Duck,The_Oregon_Duck,2025-10-26,366
The Oregon Duck,5,The Oregon Duck,The_Oregon_Duck,2025-10-27,160
The Oregon Duck,5,The Oregon Duck,The_Oregon_Duck,2025-10-28,146
The Oregon Duck,5,The Oregon Duck,The_Oregon_Duck,2025-10-29,101
The Oregon Duck,5,The Oregon Duck,The_Oregon_Duck,2025-10-30,148
The Oregon Duck,5,The Oregon Duck,The_Oregon_Duck,2025-10-31,105
The Oregon Duck,5,The Oregon Duck,The_Oregon_Duck,2025-11-01,151
The Oregon Duck,5,The Oregon Duck,The_Oregon_Duck,2025-11-02,142
The Oregon Duck,5,The Oregon Duck,The_Oregon_Duck,2025-11-03,105
The Oregon Duck,5,The Oregon Duck,The_Oregon_Duck,2025-11-04,91
The Oregon Duck,5,The Oregon Duck,The_Oregon_Duck,2025-11-05,90
The Oregon Duck,5,The Oregon Duck,The_Oregon_Duck,2025-11-06,119
The Oregon Duck,5,The Oregon Duck,The_Oregon_Duck,2025-11-07,149
The Oregon Duck,5,The Oregon Duck,The_Oregon_Duck,2025-11-08,503
The Oregon Duck,5,The Oregon Duck,The_Oregon_Duck,2025-11-09,280
The Oregon Duck,5,The Oregon Duck,The_Oregon_Duck,2025-11-10,177
The Oregon Duck,5,The Oregon Duck,The_Oregon_Duck,2025-11-11,112
The Oregon Duck,5,The Oregon Duck,The_Oregon_Duck,2025-11-12,157
The Oregon Duck,5,The Oregon Duck,The_Oregon_Duck,2025-11-13,117
The Oregon Duck,5,The Oregon Duck,The_Oregon_Duck,2025-11-14,137
The Oregon Duck,5,The Oregon Duck,The_Oregon_Duck,2025-11-15,383
The Oregon Duck,5,The Oregon Duck,The_Oregon_Duck,2025-11-16,178
The Oregon Duck,5,The Oregon Duck,The_Oregon_Duck,2025-11-17,121
The Oregon Duck,5,The Oregon Duck,The_Oregon_Duck,2025-11-18,116
The Oregon Duck,5,The Oregon Duck,The_Oregon_Duck,2025-11-19,90
The Oregon Duck,5,The Oregon Duck,The_Oregon_Duck,2025-11-20,124
The Oregon Duck,5,The Oregon Duck,The_Oregon_Duck,2025-11-21,124
The Oregon Duck,5,The Oregon Duck,The_Oregon_Duck,2025-11-22,745
The Oregon Duck,5,The Oregon Duck,The_Oregon_Duck,2025-11-23,396
The Oregon Duck,5,The Oregon Duck,The_Oregon_Duck,2025-11-24,180
The Oregon Duck,5,The Oregon Duck,The_Oregon_Duck,2025-11-25,136
The Oregon Duck,5,The Oregon Duck,The_Oregon_Duck,2025-11-26,141
The Oregon Duck,5,The Oregon Duck,The_Oregon_Duck,2025-11-27,179
The Oregon Duck,5,The Oregon Duck,The_Oregon_Duck,2025-11-28,164
The Oregon Duck,5,The Oregon Duck,The_Oregon_Duck,2025-11-29,534
The Oregon Duck,5,The Oregon Duck,The_Oregon_Duck,2025-11-30,315
The Oregon Duck,5,The Oregon Duck,The_Oregon_Duck,2025-12-01,177
The Oregon Duck,5,The Oregon Duck,The_Oregon_Duck,2025-12-02,139
The Oregon Duck,5,The Oregon Duck,The_Oregon_Duck,2025-12-03,107
The Oregon Duck,5,The Oregon Duck,The_Oregon_Duck,2025-12-04,128
The Oregon Duck,5,The Oregon Duck,The_Oregon_Duck,2025-12-05,113
The Oregon Duck,5,The Oregon Duck,The_Oregon_Duck,2025-12-06,116
The Oregon Duck,5,The Oregon Duck,The_Oregon_Duck,2025-12-07,150
The Oregon Duck,5,The Oregon Duck,The_Oregon_Duck,2025-12-08,126
Tony the Landshark,6,Tony the Landshark,Tony_the_Landshark,2025-08-01,46
Tony the Landshark,6,Tony the Landshark,Tony_the_Landshark,2025-08-02,44
Tony the Landshark,6,Tony the Landshark,Tony_the_Landshark,2025-08-03,41
Tony the Landshark,6,Tony the Landshark,Tony_the_Landshark,2025-08-04,47
Tony the Landshark,6,Tony the Landshark,Tony_the_Landshark,2025-08-05,54
Tony the Landshark,6,Tony the Landshark,Tony_the_Landshark,2025-08-06,60
Tony the Landshark,6,Tony the Landshark,Tony_the_Landshark,2025-08-07,65
Tony the Landshark,6,Tony the Landshark,Tony_the_Landshark,2025-08-08,71
Tony the Landshark,6,Tony the Landshark,Tony_the_Landshark,2025-08-09,58
Tony the Landshark,6,Tony the Landshark,Tony_the_Landshark,2025-08-10,65
Tony the Landshark,6,Tony the Landshark,Tony_the_Landshark,2025-08-11,80
Tony the Landshark,6,Tony the Landshark,Tony_the_Landshark,2025-08-12,64
Tony the Landshark,6,Tony the Landshark,Tony_the_Landshark,2025-08-13,76
Tony the Landshark,6,Tony the Landshark,Tony_the_Landshark,2025-08-14,69
Tony the Landshark,6,Tony the Landshark,Tony_the_Landshark,2025-08-15,59
Tony the Landshark,6,Tony the Landshark,Tony_the_Landshark,2025-08-16,65
Tony the Landshark,6,Tony the Landshark,Tony_the_Landshark,2025-08-17,92
Tony the Landshark,6,Tony the Landshark,Tony_the_Landshark,2025-08-18,74
Tony the Landshark,6,Tony the Landshark,Tony_the_Landshark,2025-08-19,74
Tony the Landshark,6,Tony the Landshark,Tony_the_Landshark,2025-08-20,59
Tony the Landshark,6,Tony the Landshark,Tony_the_Landshark,2025-08-21,67
Tony the Landshark,6,Tony the Landshark,Tony_the_Landshark,2025-08-22,67
Tony the Landshark,6,Tony the Landshark,Tony_the_Landshark,2025-08-23,69
Tony the Landshark,6,Tony the Landshark,Tony_the_Landshark,2025-08-24,78
Tony the Landshark,6,Tony the Landshark,Tony_the_Landshark,2025-08-25,89
Tony the Landshark,6,Tony the Landshark,Tony_the_Landshark,2025-08-26,78
Tony the Landshark,6,Tony the Landshark,Tony_the_Landshark,2025-08-27,94
Tony the Landshark,6,Tony the Landshark,Tony_the_Landshark,2025-08-28,82
Tony the Landshark,6,Tony the Landshark,Tony_the_Landshark,2025-08-29,108
Tony the Landshark,6,Tony the Landshark,Tony_the_Landshark,2025-08-30,153
Tony the Landshark,6,Tony the Landshark,Tony_the_Landshark,2025-08-31,206
Tony the Landshark,6,Tony the Landshark,Tony_the_Landshark,2025-09-01,91
Tony the Landshark,6,Tony the Landshark,Tony_the_Landshark,2025-09-02,79
Tony the Landshark,6,Tony the Landshark,Tony_the_Landshark,2025-09-03,65
Tony the Landshark,6,Tony the Landshark,Tony_the_Landshark,2025-09-04,77
Tony the Landshark,6,Tony the Landshark,Tony_the_Landshark,2025-09-05,92
Tony the Landshark,6,Tony the Landshark,Tony_the_Landshark,2025-09-06,450
Tony the Landshark,6,Tony the Landshark,Tony_the_Landshark,2025-09-07,190
Tony the Landshark,6,Tony the Landshark,Tony_the_Landshark,2025-09-08,108
Tony the Landshark,6,Tony the Landshark,Tony_the_Landshark,2025-09-09,105
Tony the Landshark,6,Tony the Landshark,Tony_the_Landshark,2025-09-10,73
Tony the Landshark,6,Tony the Landshark,Tony_the_Landshark,2025-09-11,63
Tony the Landshark,6,Tony the Landshark,Tony_the_Landshark,2025-09-12,79
Tony the Landshark,6,Tony the Landshark,Tony_the_Landshark,2025-09-13,158
Tony the Landshark,6,Tony the Landshark,Tony_the_Landshark,2025-09-14,352
Tony the Landshark,6,Tony the Landshark,Tony_the_Landshark,2025-09-15,93
Tony the Landshark,6,Tony the Landshark,Tony_the_Landshark,2025-09-16,86
Tony the Landshark,6,Tony the Landshark,Tony_the_Landshark,2025-09-17,68
Tony the Landshark,6,Tony the Landshark,Tony_the_Landshark,2025-09-18,62
Tony the Landshark,6,Tony the Landshark,Tony_the_Landshark,2025-09-19,80
Tony the Landshark,6,Tony the Landshark,Tony_the_Landshark,2025-09-20,257
Tony the Landshark,6,Tony the Landshark,Tony_the_Landshark,2025-09-21,150
Tony the Landshark,6,Tony the Landshark,Tony_the_Landshark,2025-09-22,115
Tony the Landshark,6,Tony the Landshark,Tony_the_Landshark,2025-09-23,137
Tony the Landshark,6,Tony the Landshark,Tony_the_Landshark,2025-09-24,163
Tony the Landshark,6,Tony the Landshark,Tony_the_Landshark,2025-09-25,126
Tony the Landshark,6,Tony the Landshark,Tony_the_Landshark,2025-09-26,135
Tony the Landshark,6,Tony the Landshark,Tony_the_Landshark,2025-09-27,1544
Tony the Landshark,6,Tony the Landshark,Tony_the_Landshark,2025-09-28,540
Tony the Landshark,6,Tony the Landshark,Tony_the_Landshark,2025-09-29,229
Tony the Landshark,6,Tony the Landshark,Tony_the_Landshark,2025-09-30,148
Tony the Landshark,6,Tony the Landshark,Tony_the_Landshark,2025-10-01,103
Tony the Landshark,6,Tony the Landshark,Tony_the_Landshark,2025-10-02,74
Tony the Landshark,6,Tony the Landshark,Tony_the_Landshark,2025-10-03,89
Tony the Landshark,6,Tony the Landshark,Tony_the_Landshark,2025-10-04,101
Tony the Landshark,6,Tony the Landshark,Tony_the_Landshark,2025-10-05,164
Tony the Landshark,6,Tony the Landshark,Tony_the_Landshark,2025-10-06,81
Tony the Landshark,6,Tony the Landshark,Tony_the_Landshark,2025-10-07,90
Tony the Landshark,6,Tony the Landshark,Tony_the_Landshark,2025-10-08,69
Tony the Landshark,6,Tony the Landshark,Tony_the_Landshark,2025-10-09,77
Tony the Landshark,6,Tony the Landshark,Tony_the_Landshark,2025-10-10,89
Tony the Landshark,6,Tony the Landshark,Tony_the_Landshark,2025-10-11,259
Tony the Landshark,6,Tony the Landshark,Tony_the_Landshark,2025-10-12,177
Tony the Landshark,6,Tony the Landshark,Tony_the_Landshark,2025-10-13,111
Tony the Landshark,6,Tony the Landshark,Tony_the_Landshark,2025-10-14,121
Tony the Landshark,6,Tony the Landshark,Tony_the_Landshark,2025-10-15,88
Tony the Landshark,6,Tony the Landshark,Tony_the_Landshark,2025-10-16,104
Tony the Landshark,6,Tony the Landshark,Tony_the_Landshark,2025-10-17,118
Tony the Landshark,6,Tony the Landshark,Tony_the_Landshark,2025-10-18,1178
Tony the Landshark,6,Tony the Landshark,Tony_the_Landshark,2025-10-19,326
Tony the Landshark,6,Tony the Landshark,Tony_the_Landshark,2025-10-20,144
Tony the Landshark,6,Tony the Landshark,Tony_the_Landshark,2025-10-21,107
Tony the Landshark,6,Tony the Landshark,Tony_the_Landshark,2025-10-22,76
Tony the Landshark,6,Tony the Landshark,Tony_the_Landshark,2025-10-23,95
Tony the Landshark,6,Tony the Landshark,Tony_the_Landshark,2025-10-24,120
Tony the Landshark,6,Tony the Landshark,Tony_the_Landshark,2025-10-25,841
Tony the Landshark,6,Tony the Landshark,Tony_the_Landshark,2025-10-26,188
Tony the Landshark,6,Tony the Landshark,Tony_the_Landshark,2025-10-27,142
Tony the Landshark,6,Tony the Landshark,Tony_the_Landshark,2025-10-28,93
Tony the Landshark,6,Tony the Landshark,Tony_the_Landshark,2025-10-29,79
Tony the Landshark,6,Tony the Landshark,Tony_the_Landshark,2025-10-30,126
Tony the Landshark,6,Tony the Landshark,Tony_the_Landshark,2025-10-31,82
Tony the Landshark,6,Tony the Landshark,Tony_the_Landshark,2025-11-01,155
Tony the Landshark,6,Tony the Landshark,Tony_the_Landshark,2025-11-02,215
Tony the Landshark,6,Tony the Landshark,Tony_the_Landshark,2025-11-03,86
Tony the Landshark,6,Tony the Landshark,Tony_the_Landshark,2025-11-04,83
Tony the Landshark,6,Tony the Landshark,Tony_the_Landshark,2025-11-05,70
Tony the Landshark,6,Tony the Landshark,Tony_the_Landshark,2025-11-06,61
Tony the Landshark,6,Tony the Landshark,Tony_the_Landshark,2025-11-07,62
Tony the Landshark,6,Tony the Landshark,Tony_the_Landshark,2025-11-08,95
Tony the Landshark,6,Tony the Landshark,Tony_the_Landshark,2025-11-09,121
Tony the Landshark,6,Tony the Landshark,Tony_the_Landshark,2025-11-10,72
Tony the Landshark,6,Tony the Landshark,Tony_the_Landshark,2025-11-11,83
Tony the Landshark,6,Tony the Landshark,Tony_the_Landshark,2025-11-12,66
Tony the Landshark,6,Tony the Landshark,Tony_the_Landshark,2025-11-13,70
Tony the Landshark,6,Tony the Landshark,Tony_the_Landshark,2025-11-14,69
Tony the Landshark,6,Tony the Landshark,Tony_the_Landshark,2025-11-15,101
Tony the Landshark,6,Tony the Landshark,Tony_the_Landshark,2025-11-16,633
Tony the Landshark,6,Tony the Landshark,Tony_the_Landshark,2025-11-17,99
Tony the Landshark,6,Tony the Landshark,Tony_the_Landshark,2025-11-18,94
Tony the Landshark,6,Tony the Landshark,Tony_the_Landshark,2025-11-19,128
Tony the Landshark,6,Tony the Landshark,Tony_the_Landshark,2025-11-20,104
Tony the Landshark,6,Tony the Landshark,Tony_the_Landshark,2025-11-21,76
Tony the Landshark,6,Tony the Landshark,Tony_the_Landshark,2025-11-22,176
Tony the Landshark,6,Tony the Landshark,Tony_the_Landshark,2025-11-23,136
Tony the Landshark,6,Tony the Landshark,Tony_the_Landshark,2025-11-24,102
Tony the Landshark,6,Tony the Landshark,Tony_the_Landshark,2025-11-25,75
Tony the Landshark,6,Tony the Landshark,Tony_the_Landshark,2025-11-26,124
Tony the Landshark,6,Tony the Landshark,Tony_the_Landshark,2025-11-27,65
Tony the Landshark,6,Tony the Landshark,Tony_the_Landshark,2025-11-28,508
Tony the Landshark,6,Tony the Landshark,Tony_the_Landshark,2025-11-29,329
Tony the Landshark,6,Tony the Landshark,Tony_the_Landshark,2025-11-30,668
Tony the Landshark,6,Tony the Landshark,Tony_the_Landshark,2025-12-01,779
Tony the Landshark,6,Tony the Landshark,Tony_the_Landshark,2025-12-02,348
Tony the Landshark,6,Tony the Landshark,Tony_the_Landshark,2025-12-03,218
Tony the Landshark,6,Tony the Landshark,Tony_the_Landshark,2025-12-04,131
Tony the Landshark,6,Tony the Landshark,Tony_the_Landshark,2025-12-05,107
Tony the Landshark,6,Tony the Landshark,Tony_the_Landshark,2025-12-06,136
Tony the Landshark,6,Tony the Landshark,Tony_the_Landshark,2025-12-07,123
Tony the Landshark,6,Tony the Landshark,Tony_the_Landshark,2025-12-08,117
Reveille,7,Reveille,Reveille_(dog),2025-08-01,138
Reveille,7,Reveille,Reveille_(dog),2025-08-02,140
Reveille,7,Reveille,Reveille_(dog),2025-08-03,113
Reveille,7,Reveille,Reveille_(dog),2025-08-04,117
Reveille,7,Reveille,Reveille_(dog),2025-08-05,87
Reveille,7,Reveille,Reveille_(dog),2025-08-06,129
Reveille,7,Reveille,Reveille_(dog),2025-08-07,157
Reveille,7,Reveille,Reveille_(dog),2025-08-08,205
Reveille,7,Reveille,Reveille_(dog),2025-08-09,252
Reveille,7,Reveille,Reveille_(dog),2025-08-10,202
Reveille,7,Reveille,Reveille_(dog),2025-08-11,190
Reveille,7,Reveille,Reveille_(dog),2025-08-12,198
Reveille,7,Reveille,Reveille_(dog),2025-08-13,153
Reveille,7,Reveille,Reveille_(dog),2025-08-14,142
Reveille,7,Reveille,Reveille_(dog),2025-08-15,181
Reveille,7,Reveille,Reveille_(dog),2025-08-16,183
Reveille,7,Reveille,Reveille_(dog),2025-08-17,155
Reveille,7,Reveille,Reveille_(dog),2025-08-18,127
Reveille,7,Reveille,Reveille_(dog),2025-08-19,153
Reveille,7,Reveille,Reveille_(dog),2025-08-20,165
Reveille,7,Reveille,Reveille_(dog),2025-08-21,172
Reveille,7,Reveille,Reveille_(dog),2025-08-22,172
Reveille,7,Reveille,Reveille_(dog),2025-08-23,278
Reveille,7,Reveille,Reveille_(dog),2025-08-24,251
Reveille,7,Reveille,Reveille_(dog),2025-08-25,183
Reveille,7,Reveille,Reveille_(dog),2025-08-26,186
Reveille,7,Reveille,Reveille_(dog),2025-08-27,198
Reveille,7,Reveille,Reveille_(dog),2025-08-28,235
Reveille,7,Reveille,Reveille_(dog),2025-08-29,234
Reveille,7,Reveille,Reveille_(dog),2025-08-30,444
Reveille,7,Reveille,Reveille_(dog),2025-08-31,678
Reveille,7,Reveille,Reveille_(dog),2025-09-01,647
Reveille,7,Reveille,Reveille_(dog),2025-09-02,339
Reveille,7,Reveille,Reveille_(dog),2025-09-03,243
Reveille,7,Reveille,Reveille_(dog),2025-09-04,205
Reveille,7,Reveille,Reveille_(dog),2025-09-05,299
Reveille,7,Reveille,Reveille_(dog),2025-09-06,597
Reveille,7,Reveille,Reveille_(dog),2025-09-07,504
Reveille,7,Reveille,Reveille_(dog),2025-09-08,402
Reveille,7,Reveille,Reveille_(dog),2025-09-09,260
Reveille,7,Reveille,Reveille_(dog),2025-09-10,158
Reveille,7,Reveille,Reveille_(dog),2025-09-11,136
Reveille,7,Reveille,Reveille_(dog),2025-09-12,178
Reveille,7,Reveille,Reveille_(dog),2025-09-13,425
Reveille,7,Reveille,Reveille_(dog),2025-09-14,1079
Reveille,7,Reveille,Reveille_(dog),2025-09-15,263
Reveille,7,Reveille,Reveille_(dog),2025-09-16,178
Reveille,7,Reveille,Reveille_(dog),2025-09-17,148
Reveille,7,Reveille,Reveille_(dog),2025-09-18,148
Reveille,7,Reveille,Reveille_(dog),2025-09-19,239
Reveille,7,Reveille,Reveille_(dog),2025-09-20,267
Reveille,7,Reveille,Reveille_(dog),2025-09-21,266
Reveille,7,Reveille,Reveille_(dog),2025-09-22,158
Reveille,7,Reveille,Reveille_(dog),2025-09-23,139
Reveille,7,Reveille,Reveille_(dog),2025-09-24,177
Reveille,7,Reveille,Reveille_(dog),2025-09-25,198
Reveille,7,Reveille,Reveille_(dog),2025-09-26,159
Reveille,7,Reveille,Reveille_(dog),2025-09-27,484
Reveille,7,Reveille,Reveille_(dog),2025-09-28,310
Reveille,7,Reveille,Reveille_(dog),2025-09-29,3423
Reveille,7,Reveille,Reveille_(dog),2025-09-30,2693
Reveille,7,Reveille,Reveille_(dog),2025-10-01,1059
Reveille,7,Reveille,Reveille_(dog),2025-10-02,588
Reveille,7,Reveille,Reveille_(dog),2025-10-03,586
Reveille,7,Reveille,Reveille_(dog),2025-10-04,603
Reveille,7,Reveille,Reveille_(dog),2025-10-05,1693
Reveille,7,Reveille,Reveille_(dog),2025-10-06,875
Reveille,7,Reveille,Reveille_(dog),2025-10-07,629
Reveille,7,Reveille,Reveille_(dog),2025-10-08,480
Reveille,7,Reveille,Reveille_(dog),2025-10-09,386
Reveille,7,Reveille,Reveille_(dog),2025-10-10,630
Reveille,7,Reveille,Reveille_(dog),2025-10-11,1270
Reveille,7,Reveille,Reveille_(dog),2025-10-12,962
Reveille,7,Reveille,Reveille_(dog),2025-10-13,380
Reveille,7,Reveille,Reveille_(dog),2025-10-14,332
Reveille,7,Reveille,Reveille_(dog),2025-10-15,477
Reveille,7,Reveille,Reveille_(dog),2025-10-16,415
Reveille,7,Reveille,Reveille_(dog),2025-10-17,320
Reveille,7,Reveille,Reveille_(dog),2025-10-18,790
Reveille,7,Reveille,Reveille_(dog),2025-10-19,581
Reveille,7,Reveille,Reveille_(dog),2025-10-20,315
Reveille,7,Reveille,Reveille_(dog),2025-10-21,508
Reveille,7,Reveille,Reveille_(dog),2025-10-22,218
Reveille,7,Reveille,Reveille_(dog),2025-10-23,227
Reveille,7,Reveille,Reveille_(dog),2025-10-24,221
Reveille,7,Reveille,Reveille_(dog),2025-10-25,295
Reveille,7,Reveille,Reveille_(dog),2025-10-26,731
Reveille,7,Reveille,Reveille_(dog),2025-10-27,225
Reveille,7,Reveille,Reveille_(dog),2025-10-28,221
Reveille,7,Reveille,Reveille_(dog),2025-10-29,185
Reveille,7,Reveille,Reveille_(dog),2025-10-30,189
Reveille,7,Reveille,Reveille_(dog),2025-10-31,155
Reveille,7,Reveille,Reveille_(dog),2025-11-01,213
Reveille,7,Reveille,Reveille_(dog),2025-11-02,155
Reveille,7,Reveille,Reveille_(dog),2025-11-03,126
Reveille,7,Reveille,Reveille_(dog),2025-11-04,126
Reveille,7,Reveille,Reveille_(dog),2025-11-05,138
Reveille,7,Reveille,Reveille_(dog),2025-11-06,147
Reveille,7,Reveille,Reveille_(dog),2025-11-07,146
Reveille,7,Reveille,Reveille_(dog),2025-11-08,325
Reveille,7,Reveille,Reveille_(dog),2025-11-09,285
Reveille,7,Reveille,Reveille_(dog),2025-11-10,148
Reveille,7,Reveille,Reveille_(dog),2025-11-11,143
Reveille,7,Reveille,Reveille_(dog),2025-11-12,152
Reveille,7,Reveille,Reveille_(dog),2025-11-13,162
Reveille,7,Reveille,Reveille_(dog),2025-11-14,142
Reveille,7,Reveille,Reveille_(dog),2025-11-15,494
Reveille,7,Reveille,Reveille_(dog),2025-11-16,366
Reveille,7,Reveille,Reveille_(dog),2025-11-17,174
Reveille,7,Reveille,Reveille_(dog),2025-11-18,173
Reveille,7,Reveille,Reveille_(dog),2025-11-19,155
Reveille,7,Reveille,Reveille_(dog),2025-11-20,148
Reveille,7,Reveille,Reveille_(dog),2025-11-21,176
Reveille,7,Reveille,Reveille_(dog),2025-11-22,289
Reveille,7,Reveille,Reveille_(dog),2025-11-23,248
Reveille,7,Reveille,Reveille_(dog),2025-11-24,213
Reveille,7,Reveille,Reveille_(dog),2025-11-25,199
Reveille,7,Reveille,Reveille_(dog),2025-11-26,418
Reveille,7,Reveille,Reveille_(dog),2025-11-27,779
Reveille,7,Reveille,Reveille_(dog),2025-11-28,903
Reveille,7,Reveille,Reveille_(dog),2025-11-29,4546
Reveille,7,Reveille,Reveille_(dog),2025-11-30,610
Reveille,7,Reveille,Reveille_(dog),2025-12-01,235
Reveille,7,Reveille,Reveille_(dog),2025-12-02,203
Reveille,7,Reveille,Reveille_(dog),2025-12-03,182
Reveille,7,Reveille,Reveille_(dog),2025-12-04,144
Reveille,7,Reveille,Reveille_(dog),2025-12-05,160
Reveille,7,Reveille,Reveille_(dog),2025-12-06,240
Reveille,7,Reveille,Reveille_(dog),2025-12-07,306
Reveille,7,Reveille,Reveille_(dog),2025-12-08,156
Sooner Schooner,8,Sooner Schooner,Sooner_Schooner,2025-08-01,45
Sooner Schooner,8,Sooner Schooner,Sooner_Schooner,2025-08-02,33
Sooner Schooner,8,Sooner Schooner,Sooner_Schooner,2025-08-03,31
Sooner Schooner,8,Sooner Schooner,Sooner_Schooner,2025-08-04,39
Sooner Schooner,8,Sooner Schooner,Sooner_Schooner,2025-08-05,43
Sooner Schooner,8,Sooner Schooner,Sooner_Schooner,2025-08-06,43
Sooner Schooner,8,Sooner Schooner,Sooner_Schooner,2025-08-07,46
Sooner Schooner,8,Sooner Schooner,Sooner_Schooner,2025-08-08,43
Sooner Schooner,8,Sooner Schooner,Sooner_Schooner,2025-08-09,34
Sooner Schooner,8,Sooner Schooner,Sooner_Schooner,2025-08-10,29
Sooner Schooner,8,Sooner Schooner,Sooner_Schooner,2025-08-11,42
Sooner Schooner,8,Sooner Schooner,Sooner_Schooner,2025-08-12,46
Sooner Schooner,8,Sooner Schooner,Sooner_Schooner,2025-08-13,36
Sooner Schooner,8,Sooner Schooner,Sooner_Schooner,2025-08-14,27
Sooner Schooner,8,Sooner Schooner,Sooner_Schooner,2025-08-15,27
Sooner Schooner,8,Sooner Schooner,Sooner_Schooner,2025-08-16,38
Sooner Schooner,8,Sooner Schooner,Sooner_Schooner,2025-08-17,56
Sooner Schooner,8,Sooner Schooner,Sooner_Schooner,2025-08-18,34
Sooner Schooner,8,Sooner Schooner,Sooner_Schooner,2025-08-19,48
Sooner Schooner,8,Sooner Schooner,Sooner_Schooner,2025-08-20,43
Sooner Schooner,8,Sooner Schooner,Sooner_Schooner,2025-08-21,41
Sooner Schooner,8,Sooner Schooner,Sooner_Schooner,2025-08-22,48
Sooner Schooner,8,Sooner Schooner,Sooner_Schooner,2025-08-23,51
Sooner Schooner,8,Sooner Schooner,Sooner_Schooner,2025-08-24,65
Sooner Schooner,8,Sooner Schooner,Sooner_Schooner,2025-08-25,46
Sooner Schooner,8,Sooner Schooner,Sooner_Schooner,2025-08-26,43
Sooner Schooner,8,Sooner Schooner,Sooner_Schooner,2025-08-27,66
Sooner Schooner,8,Sooner Schooner,Sooner_Schooner,2025-08-28,54
Sooner Schooner,8,Sooner Schooner,Sooner_Schooner,2025-08-29,59
Sooner Schooner,8,Sooner Schooner,Sooner_Schooner,2025-08-30,111
Sooner Schooner,8,Sooner Schooner,Sooner_Schooner,2025-08-31,104
Sooner Schooner,8,Sooner Schooner,Sooner_Schooner,2025-09-01,93
Sooner Schooner,8,Sooner Schooner,Sooner_Schooner,2025-09-02,65
Sooner Schooner,8,Sooner Schooner,Sooner_Schooner,2025-09-03,73
Sooner Schooner,8,Sooner Schooner,Sooner_Schooner,2025-09-04,90
Sooner Schooner,8,Sooner Schooner,Sooner_Schooner,2025-09-05,77
Sooner Schooner,8,Sooner Schooner,Sooner_Schooner,2025-09-06,375
Sooner Schooner,8,Sooner Schooner,Sooner_Schooner,2025-09-07,1263
Sooner Schooner,8,Sooner Schooner,Sooner_Schooner,2025-09-08,110
Sooner Schooner,8,Sooner Schooner,Sooner_Schooner,2025-09-09,100
Sooner Schooner,8,Sooner Schooner,Sooner_Schooner,2025-09-10,62
Sooner Schooner,8,Sooner Schooner,Sooner_Schooner,2025-09-11,43
Sooner Schooner,8,Sooner Schooner,Sooner_Schooner,2025-09-12,60
Sooner Schooner,8,Sooner Schooner,Sooner_Schooner,2025-09-13,118
Sooner Schooner,8,Sooner Schooner,Sooner_Schooner,2025-09-14,72
Sooner Schooner,8,Sooner Schooner,Sooner_Schooner,2025-09-15,57
Sooner Schooner,8,Sooner Schooner,Sooner_Schooner,2025-09-16,81
Sooner Schooner,8,Sooner Schooner,Sooner_Schooner,2025-09-17,81
Sooner Schooner,8,Sooner Schooner,Sooner_Schooner,2025-09-18,66
Sooner Schooner,8,Sooner Schooner,Sooner_Schooner,2025-09-19,117
Sooner Schooner,8,Sooner Schooner,Sooner_Schooner,2025-09-20,728
Sooner Schooner,8,Sooner Schooner,Sooner_Schooner,2025-09-21,192
Sooner Schooner,8,Sooner Schooner,Sooner_Schooner,2025-09-22,90
Sooner Schooner,8,Sooner Schooner,Sooner_Schooner,2025-09-23,78
Sooner Schooner,8,Sooner Schooner,Sooner_Schooner,2025-09-24,66
Sooner Schooner,8,Sooner Schooner,Sooner_Schooner,2025-09-25,58
Sooner Schooner,8,Sooner Schooner,Sooner_Schooner,2025-09-26,74
Sooner Schooner,8,Sooner Schooner,Sooner_Schooner,2025-09-27,95
Sooner Schooner,8,Sooner Schooner,Sooner_Schooner,2025-09-28,86
Sooner Schooner,8,Sooner Schooner,Sooner_Schooner,2025-09-29,68
Sooner Schooner,8,Sooner Schooner,Sooner_Schooner,2025-09-30,52
Sooner Schooner,8,Sooner Schooner,Sooner_Schooner,2025-10-01,39
Sooner Schooner,8,Sooner Schooner,Sooner_Schooner,2025-10-02,36
Sooner Schooner,8,Sooner Schooner,Sooner_Schooner,2025-10-03,42
Sooner Schooner,8,Sooner Schooner,Sooner_Schooner,2025-10-04,79
Sooner Schooner,8,Sooner Schooner,Sooner_Schooner,2025-10-05,82
Sooner Schooner,8,Sooner Schooner,Sooner_Schooner,2025-10-06,62
Sooner Schooner,8,Sooner Schooner,Sooner_Schooner,2025-10-07,50
Sooner Schooner,8,Sooner Schooner,Sooner_Schooner,2025-10-08,44
Sooner Schooner,8,Sooner Schooner,Sooner_Schooner,2025-10-09,69
Sooner Schooner,8,Sooner Schooner,Sooner_Schooner,2025-10-10,76
Sooner Schooner,8,Sooner Schooner,Sooner_Schooner,2025-10-11,280
Sooner Schooner,8,Sooner Schooner,Sooner_Schooner,2025-10-12,138
Sooner Schooner,8,Sooner Schooner,Sooner_Schooner,2025-10-13,72
Sooner Schooner,8,Sooner Schooner,Sooner_Schooner,2025-10-14,72
Sooner Schooner,8,Sooner Schooner,Sooner_Schooner,2025-10-15,29
Sooner Schooner,8,Sooner Schooner,Sooner_Schooner,2025-10-16,41
Sooner Schooner,8,Sooner Schooner,Sooner_Schooner,2025-10-17,36
Sooner Schooner,8,Sooner Schooner,Sooner_Schooner,2025-10-18,100
Sooner Schooner,8,Sooner Schooner,Sooner_Schooner,2025-10-19,83
Sooner Schooner,8,Sooner Schooner,Sooner_Schooner,2025-10-20,43
Sooner Schooner,8,Sooner Schooner,Sooner_Schooner,2025-10-21,47
Sooner Schooner,8,Sooner Schooner,Sooner_Schooner,2025-10-22,37
Sooner Schooner,8,Sooner Schooner,Sooner_Schooner,2025-10-23,35
Sooner Schooner,8,Sooner Schooner,Sooner_Schooner,2025-10-24,51
Sooner Schooner,8,Sooner Schooner,Sooner_Schooner,2025-10-25,224
Sooner Schooner,8,Sooner Schooner,Sooner_Schooner,2025-10-26,77
Sooner Schooner,8,Sooner Schooner,Sooner_Schooner,2025-10-27,35
Sooner Schooner,8,Sooner Schooner,Sooner_Schooner,2025-10-28,31
Sooner Schooner,8,Sooner Schooner,Sooner_Schooner,2025-10-29,42
Sooner Schooner,8,Sooner Schooner,Sooner_Schooner,2025-10-30,46
Sooner Schooner,8,Sooner Schooner,Sooner_Schooner,2025-10-31,47
Sooner Schooner,8,Sooner Schooner,Sooner_Schooner,2025-11-01,75
Sooner Schooner,8,Sooner Schooner,Sooner_Schooner,2025-11-02,157
Sooner Schooner,8,Sooner Schooner,Sooner_Schooner,2025-11-03,44
Sooner Schooner,8,Sooner Schooner,Sooner_Schooner,2025-11-04,51
Sooner Schooner,8,Sooner Schooner,Sooner_Schooner,2025-11-05,31
Sooner Schooner,8,Sooner Schooner,Sooner_Schooner,2025-11-06,32
Sooner Schooner,8,Sooner Schooner,Sooner_Schooner,2025-11-07,41
Sooner Schooner,8,Sooner Schooner,Sooner_Schooner,2025-11-08,46
Sooner Schooner,8,Sooner Schooner,Sooner_Schooner,2025-11-09,62
Sooner Schooner,8,Sooner Schooner,Sooner_Schooner,2025-11-10,49
Sooner Schooner,8,Sooner Schooner,Sooner_Schooner,2025-11-11,40
Sooner Schooner,8,Sooner Schooner,Sooner_Schooner,2025-11-12,48
Sooner Schooner,8,Sooner Schooner,Sooner_Schooner,2025-11-13,37
Sooner Schooner,8,Sooner Schooner,Sooner_Schooner,2025-11-14,38
Sooner Schooner,8,Sooner Schooner,Sooner_Schooner,2025-11-15,266
Sooner Schooner,8,Sooner Schooner,Sooner_Schooner,2025-11-16,143
Sooner Schooner,8,Sooner Schooner,Sooner_Schooner,2025-11-17,52
Sooner Schooner,8,Sooner Schooner,Sooner_Schooner,2025-11-18,62
Sooner Schooner,8,Sooner Schooner,Sooner_Schooner,2025-11-19,41
Sooner Schooner,8,Sooner Schooner,Sooner_Schooner,2025-11-20,41
Sooner Schooner,8,Sooner Schooner,Sooner_Schooner,2025-11-21,50
Sooner Schooner,8,Sooner Schooner,Sooner_Schooner,2025-11-22,235
Sooner Schooner,8,Sooner Schooner,Sooner_Schooner,2025-11-23,136
Sooner Schooner,8,Sooner Schooner,Sooner_Schooner,2025-11-24,83
Sooner Schooner,8,Sooner Schooner,Sooner_Schooner,2025-11-25,66
Sooner Schooner,8,Sooner Schooner,Sooner_Schooner,2025-11-26,51
Sooner Schooner,8,Sooner Schooner,Sooner_Schooner,2025-11-27,48
Sooner Schooner,8,Sooner Schooner,Sooner_Schooner,2025-11-28,43
Sooner Schooner,8,Sooner Schooner,Sooner_Schooner,2025-11-29,341
Sooner Schooner,8,Sooner Schooner,Sooner_Schooner,2025-11-30,194
Sooner Schooner,8,Sooner Schooner,Sooner_Schooner,2025-12-01,71
Sooner Schooner,8,Sooner Schooner,Sooner_Schooner,2025-12-02,47
Sooner Schooner,8,Sooner Schooner,Sooner_Schooner,2025-12-03,47
Sooner Schooner,8,Sooner Schooner,Sooner_Schooner,2025-12-04,45
Sooner Schooner,8,Sooner Schooner,Sooner_Schooner,2025-12-05,54
Sooner Schooner,8,Sooner Schooner,Sooner_Schooner,2025-12-06,49
Sooner Schooner,8,Sooner Schooner,Sooner_Schooner,2025-12-07,68
Sooner Schooner,8,Sooner Schooner,Sooner_Schooner,2025-12-08,60
Big Al,9,Big Al,Big_Al_(mascot),2025-08-01,75
Big Al,9,Big Al,Big_Al_(mascot),2025-08-02,84
Big Al,9,Big Al,Big_Al_(mascot),2025-08-03,57
Big Al,9,Big Al,Big_Al_(mascot),2025-08-04,38
Big Al,9,Big Al,Big_Al_(mascot),2025-08-05,57
Big Al,9,Big Al,Big_Al_(mascot),2025-08-06,69
Big Al,9,Big Al,Big_Al_(mascot),2025-08-07,85
Big Al,9,Big Al,Big_Al_(mascot),2025-08-08,83
Big Al,9,Big Al,Big_Al_(mascot),2025-08-09,69
Big Al,9,Big Al,Big_Al_(mascot),2025-08-10,107
Big Al,9,Big Al,Big_Al_(mascot),2025-08-11,82
Big Al,9,Big Al,Big_Al_(mascot),2025-08-12,105
Big Al,9,Big Al,Big_Al_(mascot),2025-08-13,91
Big Al,9,Big Al,Big_Al_(mascot),2025-08-14,94
Big Al,9,Big Al,Big_Al_(mascot),2025-08-15,72
Big Al,9,Big Al,Big_Al_(mascot),2025-08-16,101
Big Al,9,Big Al,Big_Al_(mascot),2025-08-17,99
Big Al,9,Big Al,Big_Al_(mascot),2025-08-18,87
Big Al,9,Big Al,Big_Al_(mascot),2025-08-19,75
Big Al,9,Big Al,Big_Al_(mascot),2025-08-20,81
Big Al,9,Big Al,Big_Al_(mascot),2025-08-21,73
Big Al,9,Big Al,Big_Al_(mascot),2025-08-22,97
Big Al,9,Big Al,Big_Al_(mascot),2025-08-23,99
Big Al,9,Big Al,Big_Al_(mascot),2025-08-24,93
Big Al,9,Big Al,Big_Al_(mascot),2025-08-25,101
Big Al,9,Big Al,Big_Al_(mascot),2025-08-26,96
Big Al,9,Big Al,Big_Al_(mascot),2025-08-27,101
Big Al,9,Big Al,Big_Al_(mascot),2025-08-28,129
Big Al,9,Big Al,Big_Al_(mascot),2025-08-29,127
Big Al,9,Big Al,Big_Al_(mascot),2025-08-30,481
Big Al,9,Big Al,Big_Al_(mascot),2025-08-31,282
Big Al,9,Big Al,Big_Al_(mascot),2025-09-01,183
Big Al,9,Big Al,Big_Al_(mascot),2025-09-02,133
Big Al,9,Big Al,Big_Al_(mascot),2025-09-03,132
Big Al,9,Big Al,Big_Al_(mascot),2025-09-04,129
Big Al,9,Big Al,Big_Al_(mascot),2025-09-05,131
Big Al,9,Big Al,Big_Al_(mascot),2025-09-06,197
Big Al,9,Big Al,Big_Al_(mascot),2025-09-07,224
Big Al,9,Big Al,Big_Al_(mascot),2025-09-08,131
Big Al,9,Big Al,Big_Al_(mascot),2025-09-09,119
Big Al,9,Big Al,Big_Al_(mascot),2025-09-10,78
Big Al,9,Big Al,Big_Al_(mascot),2025-09-11,84
Big Al,9,Big Al,Big_Al_(mascot),2025-09-12,129
Big Al,9,Big Al,Big_Al_(mascot),2025-09-13,364
Big Al,9,Big Al,Big_Al_(mascot),2025-09-14,170
Big Al,9,Big Al,Big_Al_(mascot),2025-09-15,119
Big Al,9,Big Al,Big_Al_(mascot),2025-09-16,115
Big Al,9,Big Al,Big_Al_(mascot),2025-09-17,123
Big Al,9,Big Al,Big_Al_(mascot),2025-09-18,119
Big Al,9,Big Al,Big_Al_(mascot),2025-09-19,129
Big Al,9,Big Al,Big_Al_(mascot),2025-09-20,192
Big Al,9,Big Al,Big_Al_(mascot),2025-09-21,149
Big Al,9,Big Al,Big_Al_(mascot),2025-09-22,126
Big Al,9,Big Al,Big_Al_(mascot),2025-09-23,105
Big Al,9,Big Al,Big_Al_(mascot),2025-09-24,129
Big Al,9,Big Al,Big_Al_(mascot),2025-09-25,100
Big Al,9,Big Al,Big_Al_(mascot),2025-09-26,113
Big Al,9,Big Al,Big_Al_(mascot),2025-09-27,251
Big Al,9,Big Al,Big_Al_(mascot),2025-09-28,656
Big Al,9,Big Al,Big_Al_(mascot),2025-09-29,172
Big Al,9,Big Al,Big_Al_(mascot),2025-09-30,127
Big Al,9,Big Al,Big_Al_(mascot),2025-10-01,124
Big Al,9,Big Al,Big_Al_(mascot),2025-10-02,112
Big Al,9,Big Al,Big_Al_(mascot),2025-10-03,136
Big Al,9,Big Al,Big_Al_(mascot),2025-10-04,373
Big Al,9,Big Al,Big_Al_(mascot),2025-10-05,178
Big Al,9,Big Al,Big_Al_(mascot),2025-10-06,117
Big Al,9,Big Al,Big_Al_(mascot),2025-10-07,113
Big Al,9,Big Al,Big_Al_(mascot),2025-10-08,116
Big Al,9,Big Al,Big_Al_(mascot),2025-10-09,104
Big Al,9,Big Al,Big_Al_(mascot),2025-10-10,113
Big Al,9,Big Al,Big_Al_(mascot),2025-10-11,322
Big Al,9,Big Al,Big_Al_(mascot),2025-10-12,203
Big Al,9,Big Al,Big_Al_(mascot),2025-10-13,123
Big Al,9,Big Al,Big_Al_(mascot),2025-10-14,115
Big Al,9,Big Al,Big_Al_(mascot),2025-10-15,115
Big Al,9,Big Al,Big_Al_(mascot),2025-10-16,121
Big Al,9,Big Al,Big_Al_(mascot),2025-10-17,154
Big Al,9,Big Al,Big_Al_(mascot),2025-10-18,248
Big Al,9,Big Al,Big_Al_(mascot),2025-10-19,799
Big Al,9,Big Al,Big_Al_(mascot),2025-10-20,144
Big Al,9,Big Al,Big_Al_(mascot),2025-10-21,156
Big Al,9,Big Al,Big_Al_(mascot),2025-10-22,98
Big Al,9,Big Al,Big_Al_(mascot),2025-10-23,108
Big Al,9,Big Al,Big_Al_(mascot),2025-10-24,104
Big Al,9,Big Al,Big_Al_(mascot),2025-10-25,248
Big Al,9,Big Al,Big_Al_(mascot),2025-10-26,162
Big Al,9,Big Al,Big_Al_(mascot),2025-10-27,124
Big Al,9,Big Al,Big_Al_(mascot),2025-10-28,113
Big Al,9,Big Al,Big_Al_(mascot),2025-10-29,98
Big Al,9,Big Al,Big_Al_(mascot),2025-10-30,105
Big Al,9,Big Al,Big_Al_(mascot),2025-10-31,80
Big Al,9,Big Al,Big_Al_(mascot),2025-11-01,125
Big Al,9,Big Al,Big_Al_(mascot),2025-11-02,116
Big Al,9,Big Al,Big_Al_(mascot),2025-11-03,79
Big Al,9,Big Al,Big_Al_(mascot),2025-11-04,98
Big Al,9,Big Al,Big_Al_(mascot),2025-11-05,101
Big Al,9,Big Al,Big_Al_(mascot),2025-11-06,109
Big Al,9,Big Al,Big_Al_(mascot),2025-11-07,109
Big Al,9,Big Al,Big_Al_(mascot),2025-11-08,127
Big Al,9,Big Al,Big_Al_(mascot),2025-11-09,391
Big Al,9,Big Al,Big_Al_(mascot),2025-11-10,134
Big Al,9,Big Al,Big_Al_(mascot),2025-11-11,94
Big Al,9,Big Al,Big_Al_(mascot),2025-11-12,95
Big Al,9,Big Al,Big_Al_(mascot),2025-11-13,74
Big Al,9,Big Al,Big_Al_(mascot),2025-11-14,171
Big Al,9,Big Al,Big_Al_(mascot),2025-11-15,460
Big Al,9,Big Al,Big_Al_(mascot),2025-11-16,231
Big Al,9,Big Al,Big_Al_(mascot),2025-11-17,116
Big Al,9,Big Al,Big_Al_(mascot),2025-11-18,126
Big Al,9,Big Al,Big_Al_(mascot),2025-11-19,102
Big Al,9,Big Al,Big_Al_(mascot),2025-11-20,81
Big Al,9,Big Al,Big_Al_(mascot),2025-11-21,113
Big Al,9,Big Al,Big_Al_(mascot),2025-11-22,164
Big Al,9,Big Al,Big_Al_(mascot),2025-11-23,117
Big Al,9,Big Al,Big_Al_(mascot),2025-11-24,112
Big Al,9,Big Al,Big_Al_(mascot),2025-11-25,105
Big Al,9,Big Al,Big_Al_(mascot),2025-11-26,88
Big Al,9,Big Al,Big_Al_(mascot),2025-11-27,114
Big Al,9,Big Al,Big_Al_(mascot),2025-11-28,100
Big Al,9,Big Al,Big_Al_(mascot),2025-11-29,208
Big Al,9,Big Al,Big_Al_(mascot),2025-11-30,797
Big Al,9,Big Al,Big_Al_(mascot),2025-12-01,148
Big Al,9,Big Al,Big_Al_(mascot),2025-12-02,140
Big Al,9,Big Al,Big_Al_(mascot),2025-12-03,111
Big Al,9,Big Al,Big_Al_(mascot),2025-12-04,143
Big Al,9,Big Al,Big_Al_(mascot),2025-12-05,130
Big Al,9,Big Al,Big_Al_(mascot),2025-12-06,537
Big Al,9,Big Al,Big_Al_(mascot),2025-12-07,294
Big Al,9,Big Al,Big_Al_(mascot),2025-12-08,142
Sebastian the Ibis,10,Sebastian the Ibis,Sebastian_the_Ibis,2025-08-01,76
Sebastian the Ibis,10,Sebastian the Ibis,Sebastian_the_Ibis,2025-08-02,64
Sebastian the Ibis,10,Sebastian the Ibis,Sebastian_the_Ibis,2025-08-03,60
Sebastian the Ibis,10,Sebastian the Ibis,Sebastian_the_Ibis,2025-08-04,65
Sebastian the Ibis,10,Sebastian the Ibis,Sebastian_the_Ibis,2025-08-05,56
Sebastian the Ibis,10,Sebastian the Ibis,Sebastian_the_Ibis,2025-08-06,84
Sebastian the Ibis,10,Sebastian the Ibis,Sebastian_the_Ibis,2025-08-07,88
Sebastian the Ibis,10,Sebastian the Ibis,Sebastian_the_Ibis,2025-08-08,106
Sebastian the Ibis,10,Sebastian the Ibis,Sebastian_the_Ibis,2025-08-09,72
Sebastian the Ibis,10,Sebastian the Ibis,Sebastian_the_Ibis,2025-08-10,74
Sebastian the Ibis,10,Sebastian the Ibis,Sebastian_the_Ibis,2025-08-11,78
Sebastian the Ibis,10,Sebastian the Ibis,Sebastian_the_Ibis,2025-08-12,77
Sebastian the Ibis,10,Sebastian the Ibis,Sebastian_the_Ibis,2025-08-13,75
Sebastian the Ibis,10,Sebastian the Ibis,Sebastian_the_Ibis,2025-08-14,67
Sebastian the Ibis,10,Sebastian the Ibis,Sebastian_the_Ibis,2025-08-15,85
Sebastian the Ibis,10,Sebastian the Ibis,Sebastian_the_Ibis,2025-08-16,116
Sebastian the Ibis,10,Sebastian the Ibis,Sebastian_the_Ibis,2025-08-17,88
Sebastian the Ibis,10,Sebastian the Ibis,Sebastian_the_Ibis,2025-08-18,94
Sebastian the Ibis,10,Sebastian the Ibis,Sebastian_the_Ibis,2025-08-19,93
Sebastian the Ibis,10,Sebastian the Ibis,Sebastian_the_Ibis,2025-08-20,92
Sebastian the Ibis,10,Sebastian the Ibis,Sebastian_the_Ibis,2025-08-21,93
Sebastian the Ibis,10,Sebastian the Ibis,Sebastian_the_Ibis,2025-08-22,89
Sebastian the Ibis,10,Sebastian the Ibis,Sebastian_the_Ibis,2025-08-23,90
Sebastian the Ibis,10,Sebastian the Ibis,Sebastian_the_Ibis,2025-08-24,80
Sebastian the Ibis,10,Sebastian the Ibis,Sebastian_the_Ibis,2025-08-25,70
Sebastian the Ibis,10,Sebastian the Ibis,Sebastian_the_Ibis,2025-08-26,112
Sebastian the Ibis,10,Sebastian the Ibis,Sebastian_the_Ibis,2025-08-27,101
Sebastian the Ibis,10,Sebastian the Ibis,Sebastian_the_Ibis,2025-08-28,133
Sebastian the Ibis,10,Sebastian the Ibis,Sebastian_the_Ibis,2025-08-29,171
Sebastian the Ibis,10,Sebastian the Ibis,Sebastian_the_Ibis,2025-08-30,191
Sebastian the Ibis,10,Sebastian the Ibis,Sebastian_the_Ibis,2025-08-31,821
Sebastian the Ibis,10,Sebastian the Ibis,Sebastian_the_Ibis,2025-09-01,2955
Sebastian the Ibis,10,Sebastian the Ibis,Sebastian_the_Ibis,2025-09-02,276
Sebastian the Ibis,10,Sebastian the Ibis,Sebastian_the_Ibis,2025-09-03,186
Sebastian the Ibis,10,Sebastian the Ibis,Sebastian_the_Ibis,2025-09-04,138
Sebastian the Ibis,10,Sebastian the Ibis,Sebastian_the_Ibis,2025-09-05,131
Sebastian the Ibis,10,Sebastian the Ibis,Sebastian_the_Ibis,2025-09-06,202
Sebastian the Ibis,10,Sebastian the Ibis,Sebastian_the_Ibis,2025-09-07,178
Sebastian the Ibis,10,Sebastian the Ibis,Sebastian_the_Ibis,2025-09-08,120
Sebastian the Ibis,10,Sebastian the Ibis,Sebastian_the_Ibis,2025-09-09,124
Sebastian the Ibis,10,Sebastian the Ibis,Sebastian_the_Ibis,2025-09-10,84
Sebastian the Ibis,10,Sebastian the Ibis,Sebastian_the_Ibis,2025-09-11,93
Sebastian the Ibis,10,Sebastian the Ibis,Sebastian_the_Ibis,2025-09-12,135
Sebastian the Ibis,10,Sebastian the Ibis,Sebastian_the_Ibis,2025-09-13,272
Sebastian the Ibis,10,Sebastian the Ibis,Sebastian_the_Ibis,2025-09-14,244
Sebastian the Ibis,10,Sebastian the Ibis,Sebastian_the_Ibis,2025-09-15,132
Sebastian the Ibis,10,Sebastian the Ibis,Sebastian_the_Ibis,2025-09-16,100
Sebastian the Ibis,10,Sebastian the Ibis,Sebastian_the_Ibis,2025-09-17,93
Sebastian the Ibis,10,Sebastian the Ibis,Sebastian_the_Ibis,2025-09-18,148
Sebastian the Ibis,10,Sebastian the Ibis,Sebastian_the_Ibis,2025-09-19,152
Sebastian the Ibis,10,Sebastian the Ibis,Sebastian_the_Ibis,2025-09-20,1418
Sebastian the Ibis,10,Sebastian the Ibis,Sebastian_the_Ibis,2025-09-21,1575
Sebastian the Ibis,10,Sebastian the Ibis,Sebastian_the_Ibis,2025-09-22,241
Sebastian the Ibis,10,Sebastian the Ibis,Sebastian_the_Ibis,2025-09-23,134
Sebastian the Ibis,10,Sebastian the Ibis,Sebastian_the_Ibis,2025-09-24,130
Sebastian the Ibis,10,Sebastian the Ibis,Sebastian_the_Ibis,2025-09-25,151
Sebastian the Ibis,10,Sebastian the Ibis,Sebastian_the_Ibis,2025-09-26,123
Sebastian the Ibis,10,Sebastian the Ibis,Sebastian_the_Ibis,2025-09-27,165
Sebastian the Ibis,10,Sebastian the Ibis,Sebastian_the_Ibis,2025-09-28,158
Sebastian the Ibis,10,Sebastian the Ibis,Sebastian_the_Ibis,2025-09-29,105
Sebastian the Ibis,10,Sebastian the Ibis,Sebastian_the_Ibis,2025-09-30,129
Sebastian the Ibis,10,Sebastian the Ibis,Sebastian_the_Ibis,2025-10-01,76
Sebastian the Ibis,10,Sebastian the Ibis,Sebastian_the_Ibis,2025-10-02,111
Sebastian the Ibis,10,Sebastian the Ibis,Sebastian_the_Ibis,2025-10-03,191
Sebastian the Ibis,10,Sebastian the Ibis,Sebastian_the_Ibis,2025-10-04,874
Sebastian the Ibis,10,Sebastian the Ibis,Sebastian_the_Ibis,2025-10-05,943
Sebastian the Ibis,10,Sebastian the Ibis,Sebastian_the_Ibis,2025-10-06,159
Sebastian the Ibis,10,Sebastian the Ibis,Sebastian_the_Ibis,2025-10-07,135
Sebastian the Ibis,10,Sebastian the Ibis,Sebastian_the_Ibis,2025-10-08,129
Sebastian the Ibis,10,Sebastian the Ibis,Sebastian_the_Ibis,2025-10-09,91
Sebastian the Ibis,10,Sebastian the Ibis,Sebastian_the_Ibis,2025-10-10,114
Sebastian the Ibis,10,Sebastian the Ibis,Sebastian_the_Ibis,2025-10-11,178
Sebastian the Ibis,10,Sebastian the Ibis,Sebastian_the_Ibis,2025-10-12,109
Sebastian the Ibis,10,Sebastian the Ibis,Sebastian_the_Ibis,2025-10-13,109
Sebastian the Ibis,10,Sebastian the Ibis,Sebastian_the_Ibis,2025-10-14,71
Sebastian the Ibis,10,Sebastian the Ibis,Sebastian_the_Ibis,2025-10-15,80
Sebastian the Ibis,10,Sebastian the Ibis,Sebastian_the_Ibis,2025-10-16,95
Sebastian the Ibis,10,Sebastian the Ibis,Sebastian_the_Ibis,2025-10-17,165
Sebastian the Ibis,10,Sebastian the Ibis,Sebastian_the_Ibis,2025-10-18,300
Sebastian the Ibis,10,Sebastian the Ibis,Sebastian_the_Ibis,2025-10-19,98
Sebastian the Ibis,10,Sebastian the Ibis,Sebastian_the_Ibis,2025-10-20,96
Sebastian the Ibis,10,Sebastian the Ibis,Sebastian_the_Ibis,2025-10-21,94
Sebastian the Ibis,10,Sebastian the Ibis,Sebastian_the_Ibis,2025-10-22,94
Sebastian the Ibis,10,Sebastian the Ibis,Sebastian_the_Ibis,2025-10-23,93
Sebastian the Ibis,10,Sebastian the Ibis,Sebastian_the_Ibis,2025-10-24,63
Sebastian the Ibis,10,Sebastian the Ibis,Sebastian_the_Ibis,2025-10-25,121
Sebastian the Ibis,10,Sebastian the Ibis,Sebastian_the_Ibis,2025-10-26,193
Sebastian the Ibis,10,Sebastian the Ibis,Sebastian_the_Ibis,2025-10-27,100
Sebastian the Ibis,10,Sebastian the Ibis,Sebastian_the_Ibis,2025-10-28,141
Sebastian the Ibis,10,Sebastian the Ibis,Sebastian_the_Ibis,2025-10-29,1277
Sebastian the Ibis,10,Sebastian the Ibis,Sebastian_the_Ibis,2025-10-30,410
Sebastian the Ibis,10,Sebastian the Ibis,Sebastian_the_Ibis,2025-10-31,190
Sebastian the Ibis,10,Sebastian the Ibis,Sebastian_the_Ibis,2025-11-01,255
Sebastian the Ibis,10,Sebastian the Ibis,Sebastian_the_Ibis,2025-11-02,119
Sebastian the Ibis,10,Sebastian the Ibis,Sebastian_the_Ibis,2025-11-03,114
Sebastian the Ibis,10,Sebastian the Ibis,Sebastian_the_Ibis,2025-11-04,77
Sebastian the Ibis,10,Sebastian the Ibis,Sebastian_the_Ibis,2025-11-05,91
Sebastian the Ibis,10,Sebastian the Ibis,Sebastian_the_Ibis,2025-11-06,116
Sebastian the Ibis,10,Sebastian the Ibis,Sebastian_the_Ibis,2025-11-07,63
Sebastian the Ibis,10,Sebastian the Ibis,Sebastian_the_Ibis,2025-11-08,156
Sebastian the Ibis,10,Sebastian the Ibis,Sebastian_the_Ibis,2025-11-09,107
Sebastian the Ibis,10,Sebastian the Ibis,Sebastian_the_Ibis,2025-11-10,71
Sebastian the Ibis,10,Sebastian the Ibis,Sebastian_the_Ibis,2025-11-11,80
Sebastian the Ibis,10,Sebastian the Ibis,Sebastian_the_Ibis,2025-11-12,79
Sebastian the Ibis,10,Sebastian the Ibis,Sebastian_the_Ibis,2025-11-13,124
Sebastian the Ibis,10,Sebastian the Ibis,Sebastian_the_Ibis,2025-11-14,78
Sebastian the Ibis,10,Sebastian the Ibis,Sebastian_the_Ibis,2025-11-15,249
Sebastian the Ibis,10,Sebastian the Ibis,Sebastian_the_Ibis,2025-11-16,124
Sebastian the Ibis,10,Sebastian the Ibis,Sebastian_the_Ibis,2025-11-17,83
Sebastian the Ibis,10,Sebastian the Ibis,Sebastian_the_Ibis,2025-11-18,85
Sebastian the Ibis,10,Sebastian the Ibis,Sebastian_the_Ibis,2025-11-19,87
Sebastian the Ibis,10,Sebastian the Ibis,Sebastian_the_Ibis,2025-11-20,107
Sebastian the Ibis,10,Sebastian the Ibis,Sebastian_the_Ibis,2025-11-21,60
Sebastian the Ibis,10,Sebastian the Ibis,Sebastian_the_Ibis,2025-11-22,178
Sebastian the Ibis,10,Sebastian the Ibis,Sebastian_the_Ibis,2025-11-23,124
Sebastian the Ibis,10,Sebastian the Ibis,Sebastian_the_Ibis,2025-11-24,74
Sebastian the Ibis,10,Sebastian the Ibis,Sebastian_the_Ibis,2025-11-25,74
Sebastian the Ibis,10,Sebastian the Ibis,Sebastian_the_Ibis,2025-11-26,100
Sebastian the Ibis,10,Sebastian the Ibis,Sebastian_the_Ibis,2025-11-27,83
Sebastian the Ibis,10,Sebastian the Ibis,Sebastian_the_Ibis,2025-11-28,63
Sebastian the Ibis,10,Sebastian the Ibis,Sebastian_the_Ibis,2025-11-29,209
Sebastian the Ibis,10,Sebastian the Ibis,Sebastian_the_Ibis,2025-11-30,128
Sebastian the Ibis,10,Sebastian the Ibis,Sebastian_the_Ibis,2025-12-01,101
Sebastian the Ibis,10,Sebastian the Ibis,Sebastian_the_Ibis,2025-12-02,92
Sebastian the Ibis,10,Sebastian the Ibis,Sebastian_the_Ibis,2025-12-03,159
Sebastian the Ibis,10,Sebastian the Ibis,Sebastian_the_Ibis,2025-12-04,95
Sebastian the Ibis,10,Sebastian the Ibis,Sebastian_the_Ibis,2025-12-05,94
Sebastian the Ibis,10,Sebastian the Ibis,Sebastian_the_Ibis,2025-12-06,126
Sebastian the Ibis,10,Sebastian the Ibis,Sebastian_the_Ibis,2025-12-07,180
Sebastian the Ibis,10,Sebastian the Ibis,Sebastian_the_Ibis,2025-12-08,111
Leprechaun,11,Leprechaun,Notre_Dame_Leprechaun,2025-08-01,81
Leprechaun,11,Leprechaun,Notre_Dame_Leprechaun,2025-08-02,82
Leprechaun,11,Leprechaun,Notre_Dame_Leprechaun,2025-08-03,83
Leprechaun,11,Leprechaun,Notre_Dame_Leprechaun,2025-08-04,77
Leprechaun,11,Leprechaun,Notre_Dame_Leprechaun,2025-08-05,92
Leprechaun,11,Leprechaun,Notre_Dame_Leprechaun,2025-08-06,69
Leprechaun,11,Leprechaun,Notre_Dame_Leprechaun,2025-08-07,85
Leprechaun,11,Leprechaun,Notre_Dame_Leprechaun,2025-08-08,104
Leprechaun,11,Leprechaun,Notre_Dame_Leprechaun,2025-08-09,81
Leprechaun,11,Leprechaun,Notre_Dame_Leprechaun,2025-08-10,66
Leprechaun,11,Leprechaun,Notre_Dame_Leprechaun,2025-08-11,107
Leprechaun,11,Leprechaun,Notre_Dame_Leprechaun,2025-08-12,91
Leprechaun,11,Leprechaun,Notre_Dame_Leprechaun,2025-08-13,91
Leprechaun,11,Leprechaun,Notre_Dame_Leprechaun,2025-08-14,97
Leprechaun,11,Leprechaun,Notre_Dame_Leprechaun,2025-08-15,82
Leprechaun,11,Leprechaun,Notre_Dame_Leprechaun,2025-08-16,78
Leprechaun,11,Leprechaun,Notre_Dame_Leprechaun,2025-08-17,137
Leprechaun,11,Leprechaun,Notre_Dame_Leprechaun,2025-08-18,92
Leprechaun,11,Leprechaun,Notre_Dame_Leprechaun,2025-08-19,111
Leprechaun,11,Leprechaun,Notre_Dame_Leprechaun,2025-08-20,126
Leprechaun,11,Leprechaun,Notre_Dame_Leprechaun,2025-08-21,709
Leprechaun,11,Leprechaun,Notre_Dame_Leprechaun,2025-08-22,651
Leprechaun,11,Leprechaun,Notre_Dame_Leprechaun,2025-08-23,377
Leprechaun,11,Leprechaun,Notre_Dame_Leprechaun,2025-08-24,215
Leprechaun,11,Leprechaun,Notre_Dame_Leprechaun,2025-08-25,183
Leprechaun,11,Leprechaun,Notre_Dame_Leprechaun,2025-08-26,204
Leprechaun,11,Leprechaun,Notre_Dame_Leprechaun,2025-08-27,197
Leprechaun,11,Leprechaun,Notre_Dame_Leprechaun,2025-08-28,167
Leprechaun,11,Leprechaun,Notre_Dame_Leprechaun,2025-08-29,159
Leprechaun,11,Leprechaun,Notre_Dame_Leprechaun,2025-08-30,178
Leprechaun,11,Leprechaun,Notre_Dame_Leprechaun,2025-08-31,315
Leprechaun,11,Leprechaun,Notre_Dame_Leprechaun,2025-09-01,575
Leprechaun,11,Leprechaun,Notre_Dame_Leprechaun,2025-09-02,125
Leprechaun,11,Leprechaun,Notre_Dame_Leprechaun,2025-09-03,130
Leprechaun,11,Leprechaun,Notre_Dame_Leprechaun,2025-09-04,121
Leprechaun,11,Leprechaun,Notre_Dame_Leprechaun,2025-09-05,114
Leprechaun,11,Leprechaun,Notre_Dame_Leprechaun,2025-09-06,139
Leprechaun,11,Leprechaun,Notre_Dame_Leprechaun,2025-09-07,129
Leprechaun,11,Leprechaun,Notre_Dame_Leprechaun,2025-09-08,97
Leprechaun,11,Leprechaun,Notre_Dame_Leprechaun,2025-09-09,113
Leprechaun,11,Leprechaun,Notre_Dame_Leprechaun,2025-09-10,108
Leprechaun,11,Leprechaun,Notre_Dame_Leprechaun,2025-09-11,73
Leprechaun,11,Leprechaun,Notre_Dame_Leprechaun,2025-09-12,76
Leprechaun,11,Leprechaun,Notre_Dame_Leprechaun,2025-09-13,200
Leprechaun,11,Leprechaun,Notre_Dame_Leprechaun,2025-09-14,588
Leprechaun,11,Leprechaun,Notre_Dame_Leprechaun,2025-09-15,123
Leprechaun,11,Leprechaun,Notre_Dame_Leprechaun,2025-09-16,140
Leprechaun,11,Leprechaun,Notre_Dame_Leprechaun,2025-09-17,125
Leprechaun,11,Leprechaun,Notre_Dame_Leprechaun,2025-09-18,91
Leprechaun,11,Leprechaun,Notre_Dame_Leprechaun,2025-09-19,119
Leprechaun,11,Leprechaun,Notre_Dame_Leprechaun,2025-09-20,191
Leprechaun,11,Leprechaun,Notre_Dame_Leprechaun,2025-09-21,162
Leprechaun,11,Leprechaun,Notre_Dame_Leprechaun,2025-09-22,123
Leprechaun,11,Leprechaun,Notre_Dame_Leprechaun,2025-09-23,117
Leprechaun,11,Leprechaun,Notre_Dame_Leprechaun,2025-09-24,148
Leprechaun,11,Leprechaun,Notre_Dame_Leprechaun,2025-09-25,162
Leprechaun,11,Leprechaun,Notre_Dame_Leprechaun,2025-09-26,137
Leprechaun,11,Leprechaun,Notre_Dame_Leprechaun,2025-09-27,219
Leprechaun,11,Leprechaun,Notre_Dame_Leprechaun,2025-09-28,148
Leprechaun,11,Leprechaun,Notre_Dame_Leprechaun,2025-09-29,129
Leprechaun,11,Leprechaun,Notre_Dame_Leprechaun,2025-09-30,120
Leprechaun,11,Leprechaun,Notre_Dame_Leprechaun,2025-10-01,117
Leprechaun,11,Leprechaun,Notre_Dame_Leprechaun,2025-10-02,90
Leprechaun,11,Leprechaun,Notre_Dame_Leprechaun,2025-10-03,118
Leprechaun,11,Leprechaun,Notre_Dame_Leprechaun,2025-10-04,194
Leprechaun,11,Leprechaun,Notre_Dame_Leprechaun,2025-10-05,127
Leprechaun,11,Leprechaun,Notre_Dame_Leprechaun,2025-10-06,144
Leprechaun,11,Leprechaun,Notre_Dame_Leprechaun,2025-10-07,111
Leprechaun,11,Leprechaun,Notre_Dame_Leprechaun,2025-10-08,118
Leprechaun,11,Leprechaun,Notre_Dame_Leprechaun,2025-10-09,104
Leprechaun,11,Leprechaun,Notre_Dame_Leprechaun,2025-10-10,110
Leprechaun,11,Leprechaun,Notre_Dame_Leprechaun,2025-10-11,207
Leprechaun,11,Leprechaun,Notre_Dame_Leprechaun,2025-10-12,141
Leprechaun,11,Leprechaun,Notre_Dame_Leprechaun,2025-10-13,127
Leprechaun,11,Leprechaun,Notre_Dame_Leprechaun,2025-10-14,145
Leprechaun,11,Leprechaun,Notre_Dame_Leprechaun,2025-10-15,152
Leprechaun,11,Leprechaun,Notre_Dame_Leprechaun,2025-10-16,206
Leprechaun,11,Leprechaun,Notre_Dame_Leprechaun,2025-10-17,175
Leprechaun,11,Leprechaun,Notre_Dame_Leprechaun,2025-10-18,177
Leprechaun,11,Leprechaun,Notre_Dame_Leprechaun,2025-10-19,473
Leprechaun,11,Leprechaun,Notre_Dame_Leprechaun,2025-10-20,108
Leprechaun,11,Leprechaun,Notre_Dame_Leprechaun,2025-10-21,111
Leprechaun,11,Leprechaun,Notre_Dame_Leprechaun,2025-10-22,101
Leprechaun,11,Leprechaun,Notre_Dame_Leprechaun,2025-10-23,100
Leprechaun,11,Leprechaun,Notre_Dame_Leprechaun,2025-10-24,121
Leprechaun,11,Leprechaun,Notre_Dame_Leprechaun,2025-10-25,100
Leprechaun,11,Leprechaun,Notre_Dame_Leprechaun,2025-10-26,89
Leprechaun,11,Leprechaun,Notre_Dame_Leprechaun,2025-10-27,118
Leprechaun,11,Leprechaun,Notre_Dame_Leprechaun,2025-10-28,123
Leprechaun,11,Leprechaun,Notre_Dame_Leprechaun,2025-10-29,136
Leprechaun,11,Leprechaun,Notre_Dame_Leprechaun,2025-10-30,122
Leprechaun,11,Leprechaun,Notre_Dame_Leprechaun,2025-10-31,105
Leprechaun,11,Leprechaun,Notre_Dame_Leprechaun,2025-11-01,113
Leprechaun,11,Leprechaun,Notre_Dame_Leprechaun,2025-11-02,87
Leprechaun,11,Leprechaun,Notre_Dame_Leprechaun,2025-11-03,89
Leprechaun,11,Leprechaun,Notre_Dame_Leprechaun,2025-11-04,94
Leprechaun,11,Leprechaun,Notre_Dame_Leprechaun,2025-11-05,115
Leprechaun,11,Leprechaun,Notre_Dame_Leprechaun,2025-11-06,124
Leprechaun,11,Leprechaun,Notre_Dame_Leprechaun,2025-11-07,126
Leprechaun,11,Leprechaun,Notre_Dame_Leprechaun,2025-11-08,123
Leprechaun,11,Leprechaun,Notre_Dame_Leprechaun,2025-11-09,256
Leprechaun,11,Leprechaun,Notre_Dame_Leprechaun,2025-11-10,162
Leprechaun,11,Leprechaun,Notre_Dame_Leprechaun,2025-11-11,126
Leprechaun,11,Leprechaun,Notre_Dame_Leprechaun,2025-11-12,135
Leprechaun,11,Leprechaun,Notre_Dame_Leprechaun,2025-11-13,150
Leprechaun,11,Leprechaun,Notre_Dame_Leprechaun,2025-11-14,117
Leprechaun,11,Leprechaun,Notre_Dame_Leprechaun,2025-11-15,201
Leprechaun,11,Leprechaun,Notre_Dame_Leprechaun,2025-11-16,134
Leprechaun,11,Leprechaun,Notre_Dame_Leprechaun,2025-11-17,120
Leprechaun,11,Leprechaun,Notre_Dame_Leprechaun,2025-11-18,123
Leprechaun,11,Leprechaun,Notre_Dame_Leprechaun,2025-11-19,106
Leprechaun,11,Leprechaun,Notre_Dame_Leprechaun,2025-11-20,117
Leprechaun,11,Leprechaun,Notre_Dame_Leprechaun,2025-11-21,113
Leprechaun,11,Leprechaun,Notre_Dame_Leprechaun,2025-11-22,230
Leprechaun,11,Leprechaun,Notre_Dame_Leprechaun,2025-11-23,141
Leprechaun,11,Leprechaun,Notre_Dame_Leprechaun,2025-11-24,115
Leprechaun,11,Leprechaun,Notre_Dame_Leprechaun,2025-11-25,105
Leprechaun,11,Leprechaun,Notre_Dame_Leprechaun,2025-11-26,114
Leprechaun,11,Leprechaun,Notre_Dame_Leprechaun,2025-11-27,108
Leprechaun,11,Leprechaun,Notre_Dame_Leprechaun,2025-11-28,100
Leprechaun,11,Leprechaun,Notre_Dame_Leprechaun,2025-11-29,129
Leprechaun,11,Leprechaun,Notre_Dame_Leprechaun,2025-11-30,172
Leprechaun,11,Leprechaun,Notre_Dame_Leprechaun,2025-12-01,110
Leprechaun,11,Leprechaun,Notre_Dame_Leprechaun,2025-12-02,107
Leprechaun,11,Leprechaun,Notre_Dame_Leprechaun,2025-12-03,134
Leprechaun,11,Leprechaun,Notre_Dame_Leprechaun,2025-12-04,120
Leprechaun,11,Leprechaun,Notre_Dame_Leprechaun,2025-12-05,116
Leprechaun,11,Leprechaun,Notre_Dame_Leprechaun,2025-12-06,136
Leprechaun,11,Leprechaun,Notre_Dame_Leprechaun,2025-12-07,153
Leprechaun,11,Leprechaun,Notre_Dame_Leprechaun,2025-12-08,162
Cosmo the Cougar,12,Cosmo the Cougar,Cosmo_the_Cougar,2025-08-01,40
Cosmo the Cougar,12,Cosmo the Cougar,Cosmo_the_Cougar,2025-08-02,47
Cosmo the Cougar,12,Cosmo the Cougar,Cosmo_the_Cougar,2025-08-03,23
Cosmo the Cougar,12,Cosmo the Cougar,Cosmo_the_Cougar,2025-08-04,26
Cosmo the Cougar,12,Cosmo the Cougar,Cosmo_the_Cougar,2025-08-05,40
Cosmo the Cougar,12,Cosmo the Cougar,Cosmo_the_Cougar,2025-08-06,24
Cosmo the Cougar,12,Cosmo the Cougar,Cosmo_the_Cougar,2025-08-07,38
Cosmo the Cougar,12,Cosmo the Cougar,Cosmo_the_Cougar,2025-08-08,45
Cosmo the Cougar,12,Cosmo the Cougar,Cosmo_the_Cougar,2025-08-09,52
Cosmo the Cougar,12,Cosmo the Cougar,Cosmo_the_Cougar,2025-08-10,53
Cosmo the Cougar,12,Cosmo the Cougar,Cosmo_the_Cougar,2025-08-11,40
Cosmo the Cougar,12,Cosmo the Cougar,Cosmo_the_Cougar,2025-08-12,46
Cosmo the Cougar,12,Cosmo the Cougar,Cosmo_the_Cougar,2025-08-13,50
Cosmo the Cougar,12,Cosmo the Cougar,Cosmo_the_Cougar,2025-08-14,35
Cosmo the Cougar,12,Cosmo the Cougar,Cosmo_the_Cougar,2025-08-15,42
Cosmo the Cougar,12,Cosmo the Cougar,Cosmo_the_Cougar,2025-08-16,95
Cosmo the Cougar,12,Cosmo the Cougar,Cosmo_the_Cougar,2025-08-17,103
Cosmo the Cougar,12,Cosmo the Cougar,Cosmo_the_Cougar,2025-08-18,69
Cosmo the Cougar,12,Cosmo the Cougar,Cosmo_the_Cougar,2025-08-19,75
Cosmo the Cougar,12,Cosmo the Cougar,Cosmo_the_Cougar,2025-08-20,80
Cosmo the Cougar,12,Cosmo the Cougar,Cosmo_the_Cougar,2025-08-21,69
Cosmo the Cougar,12,Cosmo the Cougar,Cosmo_the_Cougar,2025-08-22,64
Cosmo the Cougar,12,Cosmo the Cougar,Cosmo_the_Cougar,2025-08-23,52
Cosmo the Cougar,12,Cosmo the Cougar,Cosmo_the_Cougar,2025-08-24,50
Cosmo the Cougar,12,Cosmo the Cougar,Cosmo_the_Cougar,2025-08-25,58
Cosmo the Cougar,12,Cosmo the Cougar,Cosmo_the_Cougar,2025-08-26,68
Cosmo the Cougar,12,Cosmo the Cougar,Cosmo_the_Cougar,2025-08-27,52
Cosmo the Cougar,12,Cosmo the Cougar,Cosmo_the_Cougar,2025-08-28,83
Cosmo the Cougar,12,Cosmo the Cougar,Cosmo_the_Cougar,2025-08-29,68
Cosmo the Cougar,12,Cosmo the Cougar,Cosmo_the_Cougar,2025-08-30,84
Cosmo the Cougar,12,Cosmo the Cougar,Cosmo_the_Cougar,2025-08-31,193
Cosmo the Cougar,12,Cosmo the Cougar,Cosmo_the_Cougar,2025-09-01,95
Cosmo the Cougar,12,Cosmo the Cougar,Cosmo_the_Cougar,2025-09-02,96
Cosmo the Cougar,12,Cosmo the Cougar,Cosmo_the_Cougar,2025-09-03,74
Cosmo the Cougar,12,Cosmo the Cougar,Cosmo_the_Cougar,2025-09-04,64
Cosmo the Cougar,12,Cosmo the Cougar,Cosmo_the_Cougar,2025-09-05,61
Cosmo the Cougar,12,Cosmo the Cougar,Cosmo_the_Cougar,2025-09-06,142
Cosmo the Cougar,12,Cosmo the Cougar,Cosmo_the_Cougar,2025-09-07,170
Cosmo the Cougar,12,Cosmo the Cougar,Cosmo_the_Cougar,2025-09-08,90
Cosmo the Cougar,12,Cosmo the Cougar,Cosmo_the_Cougar,2025-09-09,47
Cosmo the Cougar,12,Cosmo the Cougar,Cosmo_the_Cougar,2025-09-10,95
Cosmo the Cougar,12,Cosmo the Cougar,Cosmo_the_Cougar,2025-09-11,66
Cosmo the Cougar,12,Cosmo the Cougar,Cosmo_the_Cougar,2025-09-12,77
Cosmo the Cougar,12,Cosmo the Cougar,Cosmo_the_Cougar,2025-09-13,62
Cosmo the Cougar,12,Cosmo the Cougar,Cosmo_the_Cougar,2025-09-14,82
Cosmo the Cougar,12,Cosmo the Cougar,Cosmo_the_Cougar,2025-09-15,94
Cosmo the Cougar,12,Cosmo the Cougar,Cosmo_the_Cougar,2025-09-16,67
Cosmo the Cougar,12,Cosmo the Cougar,Cosmo_the_Cougar,2025-09-17,51
Cosmo the Cougar,12,Cosmo the Cougar,Cosmo_the_Cougar,2025-09-18,42
Cosmo the Cougar,12,Cosmo the Cougar,Cosmo_the_Cougar,2025-09-19,37
Cosmo the Cougar,12,Cosmo the Cougar,Cosmo_the_Cougar,2025-09-20,98
Cosmo the Cougar,12,Cosmo the Cougar,Cosmo_the_Cougar,2025-09-21,89
Cosmo the Cougar,12,Cosmo the Cougar,Cosmo_the_Cougar,2025-09-22,56
Cosmo the Cougar,12,Cosmo the Cougar,Cosmo_the_Cougar,2025-09-23,53
Cosmo the Cougar,12,Cosmo the Cougar,Cosmo_the_Cougar,2025-09-24,50
Cosmo the Cougar,12,Cosmo the Cougar,Cosmo_the_Cougar,2025-09-25,42
Cosmo the Cougar,12,Cosmo the Cougar,Cosmo_the_Cougar,2025-09-26,36
Cosmo the Cougar,12,Cosmo the Cougar,Cosmo_the_Cougar,2025-09-27,55
Cosmo the Cougar,12,Cosmo the Cougar,Cosmo_the_Cougar,2025-09-28,161
Cosmo the Cougar,12,Cosmo the Cougar,Cosmo_the_Cougar,2025-09-29,59
Cosmo the Cougar,12,Cosmo the Cougar,Cosmo_the_Cougar,2025-09-30,42
Cosmo the Cougar,12,Cosmo the Cougar,Cosmo_the_Cougar,2025-10-01,56
Cosmo the Cougar,12,Cosmo the Cougar,Cosmo_the_Cougar,2025-10-02,41
Cosmo the Cougar,12,Cosmo the Cougar,Cosmo_the_Cougar,2025-10-03,56
Cosmo the Cougar,12,Cosmo the Cougar,Cosmo_the_Cougar,2025-10-04,154
Cosmo the Cougar,12,Cosmo the Cougar,Cosmo_the_Cougar,2025-10-05,107
Cosmo the Cougar,12,Cosmo the Cougar,Cosmo_the_Cougar,2025-10-06,63
Cosmo the Cougar,12,Cosmo the Cougar,Cosmo_the_Cougar,2025-10-07,59
Cosmo the Cougar,12,Cosmo the Cougar,Cosmo_the_Cougar,2025-10-08,40
Cosmo the Cougar,12,Cosmo the Cougar,Cosmo_the_Cougar,2025-10-09,51
Cosmo the Cougar,12,Cosmo the Cougar,Cosmo_the_Cougar,2025-10-10,60
Cosmo the Cougar,12,Cosmo the Cougar,Cosmo_the_Cougar,2025-10-11,51
Cosmo the Cougar,12,Cosmo the Cougar,Cosmo_the_Cougar,2025-10-12,109
Cosmo the Cougar,12,Cosmo the Cougar,Cosmo_the_Cougar,2025-10-13,60
Cosmo the Cougar,12,Cosmo the Cougar,Cosmo_the_Cougar,2025-10-14,74
Cosmo the Cougar,12,Cosmo the Cougar,Cosmo_the_Cougar,2025-10-15,60
Cosmo the Cougar,12,Cosmo the Cougar,Cosmo_the_Cougar,2025-10-16,126
Cosmo the Cougar,12,Cosmo the Cougar,Cosmo_the_Cougar,2025-10-17,99
Cosmo the Cougar,12,Cosmo the Cougar,Cosmo_the_Cougar,2025-10-18,337
Cosmo the Cougar,12,Cosmo the Cougar,Cosmo_the_Cougar,2025-10-19,403
Cosmo the Cougar,12,Cosmo the Cougar,Cosmo_the_Cougar,2025-10-20,176
Cosmo the Cougar,12,Cosmo the Cougar,Cosmo_the_Cougar,2025-10-21,85
Cosmo the Cougar,12,Cosmo the Cougar,Cosmo_the_Cougar,2025-10-22,93
Cosmo the Cougar,12,Cosmo the Cougar,Cosmo_the_Cougar,2025-10-23,69
Cosmo the Cougar,12,Cosmo the Cougar,Cosmo_the_Cougar,2025-10-24,82
Cosmo the Cougar,12,Cosmo the Cougar,Cosmo_the_Cougar,2025-10-25,109
Cosmo the Cougar,12,Cosmo the Cougar,Cosmo_the_Cougar,2025-10-26,100
Cosmo the Cougar,12,Cosmo the Cougar,Cosmo_the_Cougar,2025-10-27,49
Cosmo the Cougar,12,Cosmo the Cougar,Cosmo_the_Cougar,2025-10-28,64
Cosmo the Cougar,12,Cosmo the Cougar,Cosmo_the_Cougar,2025-10-29,49
Cosmo the Cougar,12,Cosmo the Cougar,Cosmo_the_Cougar,2025-10-30,43
Cosmo the Cougar,12,Cosmo the Cougar,Cosmo_the_Cougar,2025-10-31,68
Cosmo the Cougar,12,Cosmo the Cougar,Cosmo_the_Cougar,2025-11-01,69
Cosmo the Cougar,12,Cosmo the Cougar,Cosmo_the_Cougar,2025-11-02,67
Cosmo the Cougar,12,Cosmo the Cougar,Cosmo_the_Cougar,2025-11-03,42
Cosmo the Cougar,12,Cosmo the Cougar,Cosmo_the_Cougar,2025-11-04,56
Cosmo the Cougar,12,Cosmo the Cougar,Cosmo_the_Cougar,2025-11-05,50
Cosmo the Cougar,12,Cosmo the Cougar,Cosmo_the_Cougar,2025-11-06,49
Cosmo the Cougar,12,Cosmo the Cougar,Cosmo_the_Cougar,2025-11-07,77
Cosmo the Cougar,12,Cosmo the Cougar,Cosmo_the_Cougar,2025-11-08,224
Cosmo the Cougar,12,Cosmo the Cougar,Cosmo_the_Cougar,2025-11-09,100
Cosmo the Cougar,12,Cosmo the Cougar,Cosmo_the_Cougar,2025-11-10,71
Cosmo the Cougar,12,Cosmo the Cougar,Cosmo_the_Cougar,2025-11-11,66
Cosmo the Cougar,12,Cosmo the Cougar,Cosmo_the_Cougar,2025-11-12,71
Cosmo the Cougar,12,Cosmo the Cougar,Cosmo_the_Cougar,2025-11-13,62
Cosmo the Cougar,12,Cosmo the Cougar,Cosmo_the_Cougar,2025-11-14,51
Cosmo the Cougar,12,Cosmo the Cougar,Cosmo_the_Cougar,2025-11-15,85
Cosmo the Cougar,12,Cosmo the Cougar,Cosmo_the_Cougar,2025-11-16,224
Cosmo the Cougar,12,Cosmo the Cougar,Cosmo_the_Cougar,2025-11-17,94
Cosmo the Cougar,12,Cosmo the Cougar,Cosmo_the_Cougar,2025-11-18,73
Cosmo the Cougar,12,Cosmo the Cougar,Cosmo_the_Cougar,2025-11-19,66
Cosmo the Cougar,12,Cosmo the Cougar,Cosmo_the_Cougar,2025-11-20,83
Cosmo the Cougar,12,Cosmo the Cougar,Cosmo_the_Cougar,2025-11-21,84
Cosmo the Cougar,12,Cosmo the Cougar,Cosmo_the_Cougar,2025-11-22,135
Cosmo the Cougar,12,Cosmo the Cougar,Cosmo_the_Cougar,2025-11-23,172
Cosmo the Cougar,12,Cosmo the Cougar,Cosmo_the_Cougar,2025-11-24,98
Cosmo the Cougar,12,Cosmo the Cougar,Cosmo_the_Cougar,2025-11-25,69
Cosmo the Cougar,12,Cosmo the Cougar,Cosmo_the_Cougar,2025-11-26,52
Cosmo the Cougar,12,Cosmo the Cougar,Cosmo_the_Cougar,2025-11-27,104
Cosmo the Cougar,12,Cosmo the Cougar,Cosmo_the_Cougar,2025-11-28,120
Cosmo the Cougar,12,Cosmo the Cougar,Cosmo_the_Cougar,2025-11-29,194
Cosmo the Cougar,12,Cosmo the Cougar,Cosmo_the_Cougar,2025-11-30,171
Cosmo the Cougar,12,Cosmo the Cougar,Cosmo_the_Cougar,2025-12-01,98
Cosmo the Cougar,12,Cosmo the Cougar,Cosmo_the_Cougar,2025-12-02,107
Cosmo the Cougar,12,Cosmo the Cougar,Cosmo_the_Cougar,2025-12-03,87
Cosmo the Cougar,12,Cosmo the Cougar,Cosmo_the_Cougar,2025-12-04,86
Cosmo the Cougar,12,Cosmo the Cougar,Cosmo_the_Cougar,2025-12-05,85
Cosmo the Cougar,12,Cosmo the Cougar,Cosmo_the_Cougar,2025-12-06,299
Cosmo the Cougar,12,Cosmo the Cougar,Cosmo_the_Cougar,2025-12-07,130
Cosmo the Cougar,12,Cosmo the Cougar,Cosmo_the_Cougar,2025-12-08,75
